{"stats":{"minecraft:dropped":{"minecraft:cooked_porkchop":4,"minecraft:rotten_flesh":1,"minecraft:torch":6,"minecraft:birch_button":1,"minecraft:wooden_pickaxe":1},"minecraft:custom":{"minecraft:interact_with_furnace":23,"minecraft:mob_kills":13,"minecraft:interact_with_crafting_table":21,"minecraft:time_since_death":53725,"minecraft:sleep_in_bed":2,"minecraft:climb_one_cm":7748,"minecraft:time_since_rest":3883,"minecraft:sprint_one_cm":93419,"minecraft:damage_taken":580,"minecraft:walk_one_cm":206534,"minecraft:drop":13,"minecraft:damage_dealt":1658,"minecraft:swim_one_cm":5901,"minecraft:fly_one_cm":49324,"minecraft:open_chest":19,"minecraft:crouch_one_cm":14725,"minecraft:play_time":53725,"minecraft:sneak_time":4594,"minecraft:walk_under_water_one_cm":5174,"minecraft:jump":446,"minecraft:walk_on_water_one_cm":2544,"minecraft:total_world_time":53725,"minecraft:fall_one_cm":8470},"minecraft:picked_up":{"minecraft:birch_log":98,"minecraft:crafting_table":2,"minecraft:birch_door":3,"minecraft:ladder":1,"minecraft:wooden_pickaxe":1,"minecraft:birch_planks":7,"minecraft:dirt":3,"minecraft:bone":2,"minecraft:beef":3,"minecraft:chest":2,"minecraft:birch_sapling":12,"minecraft:furnace":2,"minecraft:stick":9,"minecraft:cooked_porkchop":1,"minecraft:birch_trapdoor":4,"minecraft:torch":3,"minecraft:porkchop":11,"minecraft:birch_stairs":7,"minecraft:white_bed":1,"minecraft:dark_oak_log":9,"minecraft:arrow":2,"minecraft:rotten_flesh":3,"minecraft:mutton":3,"minecraft:coal":39,"minecraft:white_wool":3,"minecraft:cobblestone":45},"minecraft:killed":{"minecraft:pig":5,"minecraft:sheep":3,"minecraft:skeleton":1,"minecraft:zombie":2,"minecraft:drowned":1,"minecraft:cow":1},"minecraft:crafted":{"minecraft:cooked_beef":3,"minecraft:cooked_porkchop":11,"minecraft:wooden_pickaxe":1,"minecraft:furnace":2,"minecraft:birch_planks":384,"minecraft:stone_axe":1,"minecraft:cooked_mutton":3,"minecraft:air":0,"minecraft:ladder":9,"minecraft:stick":76,"minecraft:stone_pickaxe":1,"minecraft:birch_trapdoor":2,"minecraft:stone_sword":1,"minecraft:chest":2,"minecraft:white_bed":1,"minecraft:birch_door":3,"minecraft:birch_button":1,"minecraft:dark_oak_planks":36,"minecraft:torch":36,"minecraft:birch_stairs":128},"minecraft:broken":{"minecraft:stone_axe":1},"minecraft:used":{"minecraft:stone_sword":33,"minecraft:birch_planks":162,"minecraft:stone_pickaxe":80,"minecraft:ladder":9,"minecraft:chest":4,"minecraft:wooden_pickaxe":8,"minecraft:rotten_flesh":2,"minecraft:torch":10,"minecraft:dirt":3,"minecraft:crafting_table":2,"minecraft:white_bed":2,"minecraft:birch_door":5,"minecraft:birch_sapling":12,"minecraft:stone_axe":134,"minecraft:birch_trapdoor":6,"minecraft:cobblestone":9,"minecraft:furnace":4,"minecraft:cooked_porkchop":3,"minecraft:cooked_beef":3,"minecraft:birch_stairs":127},"minecraft:mined":{"minecraft:birch_stairs":7,"minecraft:white_bed":1,"minecraft:dark_oak_log":9,"minecraft:crafting_table":2,"minecraft:torch":2,"minecraft:ladder":1,"minecraft:grass_block":3,"minecraft:chest":2,"minecraft:cobblestone":11,"minecraft:wall_torch":1,"minecraft:birch_planks":7,"minecraft:furnace":2,"minecraft:birch_log":99,"minecraft:birch_trapdoor":4,"minecraft:birch_leaves":34,"minecraft:birch_door":2,"minecraft:grass":23,"minecraft:coal_ore":42,"minecraft:stone":33}},"DataVersion":3465}