{"stats":{"minecraft:crafted":{"minecraft:oak_planks":76,"minecraft:birch_slab":54,"minecraft:furnace":3,"minecraft:cooked_mutton":11,"minecraft:glass_pane":304,"minecraft:flint_and_steel":1,"minecraft:glass":147,"minecraft:iron_axe":1,"minecraft:ladder":54,"minecraft:birch_fence_gate":40,"minecraft:stone_pickaxe":1,"minecraft:chest":2,"minecraft:birch_door":3,"minecraft:birch_button":1,"minecraft:dark_oak_planks":36,"minecraft:cooked_beef":3,"minecraft:cooked_porkchop":11,"minecraft:crafting_table":1,"minecraft:wooden_pickaxe":1,"minecraft:iron_sword":1,"minecraft:cooked_salmon":1,"minecraft:birch_planks":824,"minecraft:stone_axe":1,"minecraft:air":0,"minecraft:shield":1,"minecraft:stick":384,"minecraft:iron_ingot":8,"minecraft:iron_pickaxe":1,"minecraft:birch_trapdoor":6,"minecraft:stone_sword":1,"minecraft:iron_shovel":1,"minecraft:white_bed":2,"minecraft:torch":36,"minecraft:birch_stairs":128},"minecraft:custom":{"minecraft:mob_kills":33,"minecraft:interact_with_crafting_table":60,"minecraft:leave_game":4,"minecraft:time_since_death":170269,"minecraft:climb_one_cm":59081,"minecraft:sprint_one_cm":299888,"minecraft:walk_one_cm":602221,"minecraft:damage_blocked_by_shield":120,"minecraft:drop":52,"minecraft:talked_to_villager":8,"minecraft:play_time":170269,"minecraft:sneak_time":16094,"minecraft:walk_under_water_one_cm":20309,"minecraft:interact_with_lectern":1,"minecraft:jump":1530,"minecraft:walk_on_water_one_cm":30960,"minecraft:total_world_time":170269,"minecraft:interact_with_furnace":122,"minecraft:interact_with_cartography_table":1,"minecraft:interact_with_stonecutter":2,"minecraft:sleep_in_bed":7,"minecraft:time_since_rest":3278,"minecraft:damage_taken":1429,"minecraft:damage_dealt":4308,"minecraft:swim_one_cm":23663,"minecraft:fly_one_cm":169688,"minecraft:open_chest":67,"minecraft:crouch_one_cm":46515,"tombstone:undead_killed":1,"minecraft:fall_one_cm":30938},"minecraft:mined":{"minecraft:white_bed":2,"minecraft:dark_oak_log":9,"minecraft:brewing_stand":1,"minecraft:birch_fence_gate":3,"minecraft:ladder":1,"minecraft:grass_block":3,"minecraft:birch_slab":1,"minecraft:spruce_leaves":2,"minecraft:oak_wall_sign":1,"minecraft:furnace":3,"minecraft:stone":33,"minecraft:birch_stairs":23,"minecraft:glass_pane":61,"minecraft:red_bed":4,"minecraft:crafting_table":5,"minecraft:torch":2,"minecraft:chest":2,"minecraft:glass":3,"minecraft:cobblestone":32,"minecraft:wall_torch":1,"minecraft:birch_planks":26,"minecraft:birch_log":210,"minecraft:sweet_berry_bush":1,"minecraft:birch_trapdoor":7,"minecraft:birch_leaves":34,"minecraft:birch_door":2,"minecraft:grass":24,"minecraft:oak_log":19,"minecraft:coal_ore":42,"minecraft:gravel":8,"minecraft:sand":164,"minecraft:dirt":1},"minecraft:used":{"minecraft:stone_sword":33,"minecraft:iron_shovel":173,"minecraft:ladder":55,"minecraft:chest":4,"minecraft:shield":5,"minecraft:iron_sword":67,"minecraft:cooked_salmon":1,"minecraft:rotten_flesh":2,"minecraft:torch":14,"minecraft:dirt":4,"minecraft:birch_door":5,"minecraft:glass":33,"minecraft:iron_axe":176,"minecraft:birch_sapling":12,"minecraft:birch_trapdoor":13,"minecraft:written_book":2,"minecraft:furnace":5,"minecraft:cooked_beef":3,"minecraft:cooked_mutton":7,"minecraft:water_bucket":22,"minecraft:birch_planks":347,"minecraft:stone_pickaxe":80,"minecraft:wooden_pickaxe":8,"minecraft:crafting_table":5,"minecraft:red_bed":3,"minecraft:white_bed":3,"minecraft:birch_fence_gate":41,"minecraft:birch_slab":57,"minecraft:iron_pickaxe":23,"minecraft:stone_axe":134,"minecraft:cobblestone":32,"minecraft:cooked_porkchop":9,"minecraft:bucket":23,"minecraft:glass_pane":254,"minecraft:birch_stairs":127},"minecraft:broken":{"minecraft:stone_axe":1},"minecraft:picked_up":{"minecraft:birch_door":3,"minecraft:crafting_table":5,"minecraft:ladder":1,"minecraft:wooden_pickaxe":1,"minecraft:brewing_stand":1,"minecraft:red_bed":4,"minecraft:oak_sign":1,"minecraft:bucket":1,"minecraft:beef":3,"minecraft:chest":2,"minecraft:birch_sapling":12,"minecraft:furnace":3,"minecraft:stick":12,"minecraft:birch_trapdoor":7,"minecraft:torch":3,"minecraft:porkchop":15,"minecraft:arrow":3,"minecraft:rotten_flesh":10,"minecraft:mutton":15,"minecraft:white_wool":9,"minecraft:cobblestone":67,"minecraft:birch_log":206,"minecraft:birch_slab":2,"minecraft:salmon":1,"minecraft:birch_planks":20,"minecraft:flint":1,"minecraft:oak_log":19,"minecraft:dirt":4,"minecraft:bone":3,"minecraft:rabbit_hide":1,"minecraft:iron_ingot":3,"minecraft:rabbit":1,"minecraft:cooked_porkchop":2,"minecraft:sand":162,"minecraft:gravel":7,"minecraft:birch_fence_gate":3,"minecraft:birch_stairs":13,"minecraft:ink_sac":3,"minecraft:white_bed":2,"minecraft:dark_oak_log":9,"minecraft:black_wool":1,"minecraft:coal":39},"minecraft:killed":{"minecraft:spider":1,"minecraft:skeleton":1,"minecraft:fox":1,"minecraft:drowned":2,"minecraft:pig":7,"minecraft:salmon":1,"minecraft:rabbit":1,"minecraft:sheep":10,"minecraft:zombie":8,"minecraft:cow":1},"minecraft:dropped":{"minecraft:birch_planks":1,"minecraft:cooked_porkchop":4,"minecraft:torch":6,"minecraft:gravel":7,"minecraft:rotten_flesh":1,"minecraft:glass_pane":34,"minecraft:rabbit_hide":1,"minecraft:birch_button":1,"minecraft:wooden_pickaxe":1,"minecraft:black_wool":1}},"DataVersion":3465}