{"stats":{"minecraft:custom":{"minecraft:time_since_rest":5725,"minecraft:crouch_one_cm":380,"minecraft:play_time":5725,"minecraft:sprint_one_cm":1068,"minecraft:damage_taken":200,"minecraft:walk_one_cm":25974,"minecraft:sneak_time":133,"minecraft:mob_kills":1,"minecraft:jump":45,"minecraft:damage_dealt":291,"minecraft:time_since_death":5725,"minecraft:total_world_time":5725,"minecraft:interact_with_crafting_table":1,"minecraft:fly_one_cm":1769},"minecraft:picked_up":{"minecraft:birch_log":3,"minecraft:rotten_flesh":1,"minecraft:dirt":3,"minecraft:cobblestone":8},"minecraft:killed":{"minecraft:zombie":1},"minecraft:crafted":{"minecraft:birch_planks":12,"minecraft:stick":4,"minecraft:wooden_pickaxe":1},"minecraft:used":{"minecraft:wooden_pickaxe":8},"minecraft:mined":{"minecraft:grass":1,"minecraft:grass_block":3,"minecraft:birch_log":3,"minecraft:stone":8}},"DataVersion":3465}