{"stats":{"minecraft:dropped":{"minecraft:cooked_porkchop":4,"minecraft:rotten_flesh":1,"minecraft:glass_pane":34,"minecraft:torch":6,"minecraft:birch_button":1,"minecraft:wooden_pickaxe":1},"minecraft:custom":{"minecraft:interact_with_furnace":72,"minecraft:mob_kills":19,"minecraft:interact_with_crafting_table":37,"minecraft:time_since_death":89725,"minecraft:sleep_in_bed":2,"minecraft:climb_one_cm":30092,"minecraft:time_since_rest":39883,"minecraft:sprint_one_cm":138760,"minecraft:damage_taken":1224,"minecraft:walk_one_cm":337063,"minecraft:damage_blocked_by_shield":95,"minecraft:drop":47,"minecraft:damage_dealt":2808,"minecraft:swim_one_cm":9583,"minecraft:fly_one_cm":61604,"minecraft:open_chest":26,"minecraft:crouch_one_cm":31555,"minecraft:play_time":89725,"minecraft:sneak_time":10315,"minecraft:walk_under_water_one_cm":6012,"minecraft:jump":663,"minecraft:walk_on_water_one_cm":7891,"minecraft:total_world_time":89725,"minecraft:fall_one_cm":16588},"minecraft:picked_up":{"minecraft:birch_log":147,"minecraft:crafting_table":3,"minecraft:birch_door":3,"minecraft:ladder":1,"minecraft:wooden_pickaxe":1,"minecraft:birch_planks":16,"minecraft:dirt":3,"minecraft:bone":3,"minecraft:iron_ingot":3,"minecraft:beef":3,"minecraft:chest":2,"minecraft:birch_sapling":12,"minecraft:furnace":2,"minecraft:stick":9,"minecraft:cooked_porkchop":2,"minecraft:birch_trapdoor":4,"minecraft:torch":3,"minecraft:sand":61,"minecraft:porkchop":11,"minecraft:birch_stairs":7,"minecraft:white_bed":1,"minecraft:dark_oak_log":9,"minecraft:arrow":3,"minecraft:rotten_flesh":9,"minecraft:mutton":3,"minecraft:coal":39,"minecraft:white_wool":3,"minecraft:cobblestone":46},"minecraft:killed":{"minecraft:pig":5,"minecraft:spider":1,"minecraft:sheep":3,"minecraft:skeleton":1,"minecraft:zombie":6,"minecraft:drowned":2,"minecraft:cow":1},"minecraft:crafted":{"minecraft:cooked_beef":3,"minecraft:cooked_porkchop":11,"minecraft:wooden_pickaxe":1,"minecraft:iron_sword":1,"minecraft:furnace":2,"minecraft:birch_planks":588,"minecraft:stone_axe":1,"minecraft:cooked_mutton":3,"minecraft:air":0,"minecraft:glass_pane":192,"minecraft:glass":105,"minecraft:shield":1,"minecraft:iron_axe":1,"minecraft:ladder":54,"minecraft:stick":164,"minecraft:iron_ingot":8,"minecraft:iron_pickaxe":1,"minecraft:stone_pickaxe":1,"minecraft:birch_trapdoor":4,"minecraft:stone_sword":1,"minecraft:chest":2,"minecraft:iron_shovel":1,"minecraft:white_bed":1,"minecraft:birch_door":3,"minecraft:birch_button":1,"minecraft:dark_oak_planks":36,"minecraft:torch":36,"minecraft:birch_stairs":128},"minecraft:broken":{"minecraft:stone_axe":1},"minecraft:used":{"minecraft:cooked_mutton":1,"minecraft:stone_sword":33,"minecraft:iron_shovel":62,"minecraft:birch_planks":319,"minecraft:stone_pickaxe":80,"minecraft:ladder":55,"minecraft:shield":4,"minecraft:chest":4,"minecraft:wooden_pickaxe":8,"minecraft:iron_sword":26,"minecraft:rotten_flesh":2,"minecraft:torch":14,"minecraft:dirt":3,"minecraft:crafting_table":3,"minecraft:white_bed":2,"minecraft:birch_door":5,"minecraft:glass":15,"minecraft:iron_axe":68,"minecraft:birch_sapling":12,"minecraft:stone_axe":134,"minecraft:birch_trapdoor":8,"minecraft:cobblestone":9,"minecraft:furnace":4,"minecraft:cooked_porkchop":8,"minecraft:glass_pane":110,"minecraft:cooked_beef":3,"minecraft:birch_stairs":127},"minecraft:mined":{"minecraft:birch_stairs":7,"minecraft:white_bed":1,"minecraft:glass_pane":9,"minecraft:dark_oak_log":9,"minecraft:crafting_table":3,"minecraft:torch":2,"minecraft:ladder":1,"minecraft:grass_block":3,"minecraft:chest":2,"minecraft:glass":3,"minecraft:cobblestone":11,"minecraft:wall_torch":1,"minecraft:birch_planks":23,"minecraft:furnace":2,"minecraft:birch_log":150,"minecraft:birch_trapdoor":4,"minecraft:birch_leaves":34,"minecraft:birch_door":2,"minecraft:grass":23,"minecraft:coal_ore":42,"minecraft:sand":62,"minecraft:stone":33}},"DataVersion":3465}