{"stats":{"minecraft:crafted":{"minecraft:cooked_beef":3,"minecraft:oak_planks":76,"minecraft:cooked_porkchop":11,"minecraft:crafting_table":1,"minecraft:wooden_pickaxe":1,"minecraft:iron_sword":1,"minecraft:birch_slab":54,"minecraft:furnace":3,"minecraft:cooked_salmon":1,"minecraft:birch_planks":824,"minecraft:stone_axe":1,"minecraft:cooked_mutton":11,"minecraft:air":0,"minecraft:glass_pane":304,"minecraft:flint_and_steel":1,"minecraft:glass":147,"minecraft:shield":1,"minecraft:iron_axe":1,"minecraft:ladder":54,"minecraft:birch_fence_gate":40,"minecraft:stick":384,"minecraft:iron_ingot":8,"minecraft:iron_pickaxe":1,"minecraft:stone_pickaxe":1,"minecraft:birch_trapdoor":6,"minecraft:stone_sword":1,"minecraft:chest":2,"minecraft:iron_shovel":1,"minecraft:white_bed":2,"minecraft:birch_door":3,"minecraft:birch_button":1,"minecraft:dark_oak_planks":36,"minecraft:torch":36,"minecraft:birch_stairs":128},"minecraft:broken":{"minecraft:stone_axe":1},"minecraft:killed":{"minecraft:pig":7,"minecraft:salmon":1,"minecraft:rabbit":1,"minecraft:spider":1,"minecraft:sheep":10,"minecraft:skeleton":1,"minecraft:zombie":7,"minecraft:fox":1,"minecraft:drowned":2,"minecraft:cow":1},"minecraft:used":{"minecraft:cooked_mutton":6,"minecraft:water_bucket":19,"minecraft:stone_sword":33,"minecraft:iron_shovel":173,"minecraft:birch_planks":347,"minecraft:stone_pickaxe":80,"minecraft:ladder":55,"minecraft:chest":4,"minecraft:wooden_pickaxe":8,"minecraft:shield":5,"minecraft:iron_sword":60,"minecraft:cooked_salmon":1,"minecraft:rotten_flesh":2,"minecraft:torch":14,"minecraft:dirt":4,"minecraft:crafting_table":5,"minecraft:white_bed":3,"minecraft:birch_door":5,"minecraft:glass":33,"minecraft:birch_fence_gate":41,"minecraft:iron_pickaxe":22,"minecraft:birch_slab":57,"minecraft:iron_axe":175,"minecraft:birch_sapling":12,"minecraft:stone_axe":134,"minecraft:cobblestone":32,"minecraft:birch_trapdoor":13,"minecraft:furnace":5,"minecraft:cooked_porkchop":9,"minecraft:bucket":20,"minecraft:glass_pane":254,"minecraft:cooked_beef":3,"minecraft:birch_stairs":127},"minecraft:mined":{"minecraft:birch_stairs":23,"minecraft:white_bed":2,"minecraft:glass_pane":61,"minecraft:red_bed":1,"minecraft:dark_oak_log":9,"minecraft:crafting_table":5,"minecraft:torch":2,"minecraft:birch_fence_gate":3,"minecraft:ladder":1,"minecraft:grass_block":3,"minecraft:chest":2,"minecraft:glass":3,"minecraft:cobblestone":32,"minecraft:birch_slab":1,"minecraft:wall_torch":1,"minecraft:birch_planks":26,"minecraft:furnace":3,"minecraft:birch_log":210,"minecraft:birch_trapdoor":7,"minecraft:birch_leaves":34,"minecraft:birch_door":2,"minecraft:grass":24,"minecraft:oak_log":19,"minecraft:coal_ore":42,"minecraft:gravel":8,"minecraft:sand":164,"minecraft:dirt":1,"minecraft:stone":33},"minecraft:picked_up":{"minecraft:birch_log":206,"minecraft:crafting_table":5,"minecraft:birch_door":3,"minecraft:ladder":1,"minecraft:birch_slab":2,"minecraft:salmon":1,"minecraft:wooden_pickaxe":1,"minecraft:birch_planks":20,"minecraft:flint":1,"minecraft:oak_log":19,"minecraft:red_bed":1,"minecraft:dirt":4,"minecraft:bone":3,"minecraft:bucket":1,"minecraft:rabbit_hide":1,"minecraft:iron_ingot":3,"minecraft:beef":3,"minecraft:rabbit":1,"minecraft:chest":2,"minecraft:birch_sapling":12,"minecraft:furnace":3,"minecraft:stick":12,"minecraft:cooked_porkchop":2,"minecraft:birch_trapdoor":7,"minecraft:gravel":7,"minecraft:torch":3,"minecraft:birch_fence_gate":3,"minecraft:porkchop":15,"minecraft:birch_stairs":13,"minecraft:sand":162,"minecraft:ink_sac":3,"minecraft:white_bed":2,"minecraft:dark_oak_log":9,"minecraft:arrow":3,"minecraft:rotten_flesh":10,"minecraft:black_wool":1,"minecraft:mutton":15,"minecraft:coal":39,"minecraft:white_wool":9,"minecraft:cobblestone":67},"minecraft:custom":{"minecraft:interact_with_furnace":122,"minecraft:mob_kills":32,"minecraft:interact_with_crafting_table":60,"minecraft:leave_game":4,"minecraft:time_since_death":158821,"minecraft:sleep_in_bed":4,"minecraft:climb_one_cm":59081,"minecraft:time_since_rest":12270,"minecraft:sprint_one_cm":271409,"minecraft:damage_taken":1411,"minecraft:walk_one_cm":551413,"minecraft:damage_blocked_by_shield":120,"minecraft:drop":52,"minecraft:damage_dealt":4108,"minecraft:swim_one_cm":23663,"minecraft:fly_one_cm":140685,"minecraft:open_chest":43,"minecraft:crouch_one_cm":46515,"minecraft:play_time":158821,"minecraft:sneak_time":16094,"minecraft:walk_under_water_one_cm":20192,"minecraft:jump":1372,"minecraft:walk_on_water_one_cm":30278,"minecraft:total_world_time":158821,"minecraft:fall_one_cm":28722},"minecraft:dropped":{"minecraft:gravel":7,"minecraft:birch_planks":1,"minecraft:cooked_porkchop":4,"minecraft:rotten_flesh":1,"minecraft:glass_pane":34,"minecraft:rabbit_hide":1,"minecraft:torch":6,"minecraft:birch_button":1,"minecraft:wooden_pickaxe":1,"minecraft:black_wool":1}},"DataVersion":3465}