{"stats":{"minecraft:dropped":{"minecraft:cooked_porkchop":4,"minecraft:rotten_flesh":1,"minecraft:torch":6,"minecraft:birch_button":1,"minecraft:wooden_pickaxe":1},"minecraft:custom":{"minecraft:interact_with_furnace":68,"minecraft:mob_kills":16,"minecraft:interact_with_crafting_table":34,"minecraft:time_since_death":77725,"minecraft:sleep_in_bed":2,"minecraft:climb_one_cm":22265,"minecraft:time_since_rest":27883,"minecraft:sprint_one_cm":128460,"minecraft:damage_taken":1070,"minecraft:walk_one_cm":282658,"minecraft:damage_blocked_by_shield":75,"minecraft:drop":13,"minecraft:damage_dealt":2248,"minecraft:swim_one_cm":9583,"minecraft:fly_one_cm":59292,"minecraft:open_chest":21,"minecraft:crouch_one_cm":27229,"minecraft:play_time":77725,"minecraft:sneak_time":8662,"minecraft:walk_under_water_one_cm":6012,"minecraft:jump":588,"minecraft:walk_on_water_one_cm":7509,"minecraft:total_world_time":77725,"minecraft:fall_one_cm":13654},"minecraft:picked_up":{"minecraft:birch_log":136,"minecraft:crafting_table":3,"minecraft:birch_door":3,"minecraft:ladder":1,"minecraft:wooden_pickaxe":1,"minecraft:birch_planks":16,"minecraft:dirt":3,"minecraft:bone":2,"minecraft:iron_ingot":3,"minecraft:beef":3,"minecraft:chest":2,"minecraft:birch_sapling":12,"minecraft:furnace":2,"minecraft:stick":9,"minecraft:cooked_porkchop":1,"minecraft:birch_trapdoor":4,"minecraft:torch":3,"minecraft:sand":61,"minecraft:porkchop":11,"minecraft:birch_stairs":7,"minecraft:white_bed":1,"minecraft:dark_oak_log":9,"minecraft:arrow":2,"minecraft:rotten_flesh":7,"minecraft:mutton":3,"minecraft:coal":39,"minecraft:white_wool":3,"minecraft:cobblestone":46},"minecraft:killed":{"minecraft:pig":5,"minecraft:sheep":3,"minecraft:skeleton":1,"minecraft:zombie":5,"minecraft:drowned":1,"minecraft:cow":1},"minecraft:crafted":{"minecraft:cooked_beef":3,"minecraft:cooked_porkchop":11,"minecraft:wooden_pickaxe":1,"minecraft:iron_sword":1,"minecraft:furnace":2,"minecraft:birch_planks":544,"minecraft:stone_axe":1,"minecraft:cooked_mutton":3,"minecraft:air":0,"minecraft:glass_pane":32,"minecraft:glass":61,"minecraft:shield":1,"minecraft:iron_axe":1,"minecraft:ladder":54,"minecraft:stick":164,"minecraft:iron_ingot":8,"minecraft:iron_pickaxe":1,"minecraft:stone_pickaxe":1,"minecraft:birch_trapdoor":4,"minecraft:stone_sword":1,"minecraft:chest":2,"minecraft:iron_shovel":1,"minecraft:white_bed":1,"minecraft:birch_door":3,"minecraft:birch_button":1,"minecraft:dark_oak_planks":36,"minecraft:torch":36,"minecraft:birch_stairs":128},"minecraft:broken":{"minecraft:stone_axe":1},"minecraft:used":{"minecraft:stone_sword":33,"minecraft:iron_shovel":62,"minecraft:birch_planks":274,"minecraft:stone_pickaxe":80,"minecraft:ladder":55,"minecraft:shield":3,"minecraft:chest":4,"minecraft:wooden_pickaxe":8,"minecraft:iron_sword":15,"minecraft:rotten_flesh":2,"minecraft:torch":10,"minecraft:dirt":3,"minecraft:crafting_table":3,"minecraft:white_bed":2,"minecraft:birch_door":5,"minecraft:glass":7,"minecraft:iron_axe":56,"minecraft:birch_sapling":12,"minecraft:stone_axe":134,"minecraft:birch_trapdoor":8,"minecraft:cobblestone":9,"minecraft:furnace":4,"minecraft:cooked_porkchop":8,"minecraft:glass_pane":32,"minecraft:cooked_beef":3,"minecraft:birch_stairs":127},"minecraft:mined":{"minecraft:birch_stairs":7,"minecraft:white_bed":1,"minecraft:dark_oak_log":9,"minecraft:crafting_table":3,"minecraft:torch":2,"minecraft:ladder":1,"minecraft:grass_block":3,"minecraft:chest":2,"minecraft:glass":3,"minecraft:cobblestone":11,"minecraft:wall_torch":1,"minecraft:birch_planks":23,"minecraft:furnace":2,"minecraft:birch_log":138,"minecraft:birch_trapdoor":4,"minecraft:birch_leaves":34,"minecraft:birch_door":2,"minecraft:grass":23,"minecraft:coal_ore":42,"minecraft:sand":62,"minecraft:stone":33}},"DataVersion":3465}