{"stats":{"minecraft:dropped":{"minecraft:cooked_porkchop":4,"minecraft:rotten_flesh":1,"minecraft:glass_pane":34,"minecraft:torch":6,"minecraft:birch_button":1,"minecraft:wooden_pickaxe":1},"minecraft:custom":{"minecraft:interact_with_furnace":76,"minecraft:mob_kills":19,"minecraft:interact_with_crafting_table":41,"minecraft:time_since_death":101725,"minecraft:sleep_in_bed":2,"minecraft:climb_one_cm":36904,"minecraft:time_since_rest":51883,"minecraft:sprint_one_cm":168574,"minecraft:damage_taken":1224,"minecraft:walk_one_cm":378734,"minecraft:damage_blocked_by_shield":95,"minecraft:drop":47,"minecraft:damage_dealt":2808,"minecraft:swim_one_cm":11101,"minecraft:fly_one_cm":76729,"minecraft:open_chest":28,"minecraft:crouch_one_cm":36460,"minecraft:play_time":101725,"minecraft:sneak_time":12216,"minecraft:walk_under_water_one_cm":7082,"minecraft:jump":763,"minecraft:walk_on_water_one_cm":9396,"minecraft:total_world_time":101725,"minecraft:fall_one_cm":18111},"minecraft:picked_up":{"minecraft:birch_log":174,"minecraft:crafting_table":3,"minecraft:birch_door":3,"minecraft:ladder":1,"minecraft:wooden_pickaxe":1,"minecraft:birch_planks":16,"minecraft:dirt":3,"minecraft:bone":3,"minecraft:iron_ingot":3,"minecraft:beef":3,"minecraft:chest":2,"minecraft:birch_sapling":12,"minecraft:furnace":2,"minecraft:stick":12,"minecraft:cooked_porkchop":2,"minecraft:birch_trapdoor":7,"minecraft:torch":3,"minecraft:sand":72,"minecraft:porkchop":11,"minecraft:birch_stairs":8,"minecraft:white_bed":1,"minecraft:dark_oak_log":9,"minecraft:arrow":3,"minecraft:rotten_flesh":9,"minecraft:mutton":3,"minecraft:coal":39,"minecraft:white_wool":3,"minecraft:cobblestone":46},"minecraft:killed":{"minecraft:pig":5,"minecraft:spider":1,"minecraft:sheep":3,"minecraft:skeleton":1,"minecraft:zombie":6,"minecraft:drowned":2,"minecraft:cow":1},"minecraft:crafted":{"minecraft:cooked_beef":3,"minecraft:cooked_porkchop":11,"minecraft:wooden_pickaxe":1,"minecraft:iron_sword":1,"minecraft:furnace":2,"minecraft:birch_planks":696,"minecraft:stone_axe":1,"minecraft:cooked_mutton":3,"minecraft:air":0,"minecraft:glass_pane":208,"minecraft:glass":113,"minecraft:shield":1,"minecraft:iron_axe":1,"minecraft:ladder":54,"minecraft:birch_fence_gate":5,"minecraft:stick":164,"minecraft:iron_ingot":8,"minecraft:iron_pickaxe":1,"minecraft:stone_pickaxe":1,"minecraft:birch_trapdoor":6,"minecraft:stone_sword":1,"minecraft:chest":2,"minecraft:iron_shovel":1,"minecraft:white_bed":1,"minecraft:birch_door":3,"minecraft:birch_button":1,"minecraft:dark_oak_planks":36,"minecraft:torch":36,"minecraft:birch_stairs":128},"minecraft:broken":{"minecraft:stone_axe":1},"minecraft:used":{"minecraft:cooked_mutton":2,"minecraft:stone_sword":33,"minecraft:iron_shovel":73,"minecraft:birch_planks":340,"minecraft:stone_pickaxe":80,"minecraft:ladder":55,"minecraft:shield":4,"minecraft:chest":4,"minecraft:wooden_pickaxe":8,"minecraft:iron_sword":27,"minecraft:rotten_flesh":2,"minecraft:torch":14,"minecraft:dirt":3,"minecraft:crafting_table":3,"minecraft:white_bed":2,"minecraft:birch_door":5,"minecraft:glass":33,"minecraft:birch_fence_gate":5,"minecraft:iron_axe":100,"minecraft:birch_sapling":12,"minecraft:stone_axe":134,"minecraft:birch_trapdoor":13,"minecraft:cobblestone":9,"minecraft:furnace":4,"minecraft:cooked_porkchop":9,"minecraft:glass_pane":158,"minecraft:cooked_beef":3,"minecraft:birch_stairs":127},"minecraft:mined":{"minecraft:birch_stairs":8,"minecraft:white_bed":1,"minecraft:glass_pane":18,"minecraft:dark_oak_log":9,"minecraft:crafting_table":3,"minecraft:torch":2,"minecraft:ladder":1,"minecraft:grass_block":3,"minecraft:chest":2,"minecraft:glass":3,"minecraft:cobblestone":11,"minecraft:wall_torch":1,"minecraft:birch_planks":23,"minecraft:furnace":2,"minecraft:birch_log":178,"minecraft:birch_trapdoor":7,"minecraft:birch_leaves":34,"minecraft:birch_door":2,"minecraft:grass":23,"minecraft:coal_ore":42,"minecraft:sand":73,"minecraft:stone":33}},"DataVersion":3465}