{"stats":{"minecraft:crafted":{"minecraft:oak_planks":76,"minecraft:birch_slab":54,"minecraft:furnace":3,"minecraft:cooked_mutton":11,"minecraft:glass_pane":304,"minecraft:flint_and_steel":1,"minecraft:glass":147,"minecraft:iron_boots":1,"minecraft:iron_axe":1,"minecraft:ladder":54,"minecraft:birch_fence_gate":40,"minecraft:stone_pickaxe":1,"minecraft:chest":2,"minecraft:birch_door":3,"minecraft:birch_button":1,"minecraft:dark_oak_planks":36,"minecraft:cooked_beef":3,"minecraft:cooked_porkchop":11,"minecraft:crafting_table":1,"minecraft:baked_potato":10,"minecraft:wooden_pickaxe":1,"minecraft:iron_helmet":1,"minecraft:iron_sword":1,"minecraft:cooked_salmon":1,"minecraft:birch_planks":824,"minecraft:stone_axe":1,"minecraft:air":0,"minecraft:iron_chestplate":1,"minecraft:shield":1,"minecraft:stick":384,"minecraft:iron_ingot":8,"minecraft:iron_pickaxe":1,"minecraft:birch_trapdoor":6,"minecraft:stone_sword":1,"minecraft:iron_shovel":1,"minecraft:iron_leggings":1,"minecraft:white_bed":2,"minecraft:torch":36,"minecraft:birch_stairs":128},"minecraft:custom":{"minecraft:interact_with_smithing_table":4,"minecraft:mob_kills":35,"minecraft:animals_bred":3,"minecraft:interact_with_crafting_table":61,"minecraft:open_barrel":46,"minecraft:bell_ring":1,"minecraft:leave_game":5,"minecraft:time_since_death":241703,"minecraft:climb_one_cm":59081,"minecraft:sprint_one_cm":647250,"minecraft:walk_one_cm":794872,"minecraft:damage_blocked_by_shield":145,"minecraft:drop":67,"minecraft:talked_to_villager":19,"minecraft:play_time":241703,"minecraft:sneak_time":16112,"minecraft:walk_under_water_one_cm":29179,"minecraft:interact_with_lectern":1,"minecraft:jump":3290,"minecraft:interact_with_blast_furnace":3,"minecraft:walk_on_water_one_cm":53948,"minecraft:total_world_time":241703,"minecraft:interact_with_furnace":126,"minecraft:interact_with_cartography_table":1,"minecraft:interact_with_grindstone":1,"minecraft:interact_with_stonecutter":2,"minecraft:sleep_in_bed":15,"minecraft:time_since_rest":625,"minecraft:damage_taken":1909,"minecraft:damage_dealt":4868,"minecraft:swim_one_cm":68189,"minecraft:fly_one_cm":644174,"minecraft:open_chest":98,"minecraft:crouch_one_cm":46855,"tombstone:undead_killed":2,"minecraft:fall_one_cm":89848},"minecraft:mined":{"minecraft:white_bed":2,"minecraft:dark_oak_log":9,"minecraft:brewing_stand":1,"minecraft:ladder":1,"minecraft:birch_fence_gate":3,"minecraft:grass_block":3,"minecraft:birch_slab":1,"minecraft:spruce_leaves":2,"minecraft:oak_wall_sign":1,"minecraft:furnace":4,"minecraft:carrots":1,"minecraft:fire":6,"minecraft:barrel":5,"immersiveengineering:turntable":1,"minecraft:potatoes":1,"minecraft:stone":33,"minecraft:orange_bed":2,"minecraft:birch_stairs":23,"minecraft:glass_pane":61,"minecraft:red_bed":9,"minecraft:brown_stained_glass_pane":1,"minecraft:crafting_table":6,"minecraft:torch":2,"minecraft:chest":2,"minecraft:tall_grass":1,"minecraft:glass":3,"minecraft:cobblestone":32,"minecraft:dried_kelp_block":1,"minecraft:wall_torch":1,"minecraft:birch_planks":26,"minecraft:mud":1,"minecraft:birch_log":210,"minecraft:wheat":1,"minecraft:sweet_berry_bush":1,"minecraft:birch_trapdoor":7,"minecraft:birch_leaves":34,"minecraft:birch_door":2,"minecraft:yellow_bed":1,"minecraft:grass":30,"minecraft:oak_log":19,"minecraft:coal_ore":42,"minecraft:gravel":8,"minecraft:sand":164,"minecraft:dirt":1,"minecraft:cobweb":3,"immersiveengineering:workbench":1,"minecraft:oak_leaves":2},"minecraft:used":{"minecraft:stone_sword":33,"minecraft:iron_shovel":173,"minecraft:flint_and_steel":6,"minecraft:ladder":55,"minecraft:chest":4,"minecraft:shield":6,"minecraft:iron_sword":95,"minecraft:cooked_salmon":1,"minecraft:rotten_flesh":2,"minecraft:orange_bed":1,"minecraft:torch":17,"minecraft:dirt":4,"minecraft:birch_door":5,"minecraft:glass":33,"minecraft:iron_axe":185,"minecraft:birch_sapling":12,"minecraft:barrel":1,"minecraft:birch_trapdoor":13,"minecraft:written_book":2,"minecraft:furnace":6,"minecraft:cooked_beef":3,"minecraft:wheat_seeds":1,"minecraft:cooked_mutton":11,"minecraft:water_bucket":34,"minecraft:birch_planks":347,"minecraft:stone_pickaxe":80,"minecraft:baked_potato":15,"minecraft:wooden_pickaxe":8,"minecraft:crafting_table":6,"minecraft:red_bed":9,"minecraft:white_bed":3,"minecraft:birch_fence_gate":41,"minecraft:iron_pickaxe":24,"minecraft:birch_slab":57,"minecraft:stone_axe":134,"minecraft:cobblestone":32,"minecraft:cooked_porkchop":9,"minecraft:bucket":35,"minecraft:glass_pane":254,"minecraft:pumpkin_pie":1,"minecraft:birch_stairs":127},"minecraft:broken":{"minecraft:stone_axe":1},"minecraft:picked_up":{"minecraft:birch_door":3,"minecraft:crafting_table":6,"minecraft:wheat":1,"minecraft:ladder":1,"minecraft:wooden_pickaxe":1,"immersiveengineering:turntable":1,"minecraft:brewing_stand":1,"minecraft:cornflower":1,"minecraft:string":3,"minecraft:red_bed":9,"minecraft:oak_sign":1,"minecraft:bucket":1,"minecraft:beef":3,"immersiveengineering:workbench":1,"minecraft:chest":2,"minecraft:birch_sapling":12,"minecraft:furnace":4,"minecraft:stick":12,"minecraft:birch_trapdoor":7,"minecraft:torch":3,"minecraft:porkchop":15,"tombstone:grave_dust":1,"minecraft:orange_bed":2,"minecraft:arrow":3,"minecraft:rotten_flesh":13,"minecraft:mutton":15,"minecraft:white_wool":9,"minecraft:cobblestone":67,"minecraft:birch_log":206,"minecraft:birch_slab":2,"minecraft:salmon":1,"minecraft:potato":1,"minecraft:birch_planks":20,"minecraft:filled_map":1,"minecraft:flint":1,"minecraft:oak_log":19,"minecraft:dirt":4,"minecraft:bone":3,"minecraft:wheat_seeds":9,"minecraft:rabbit_hide":1,"minecraft:iron_ingot":3,"minecraft:rabbit":1,"minecraft:cooked_porkchop":2,"minecraft:sand":162,"minecraft:gravel":7,"minecraft:birch_fence_gate":3,"minecraft:birch_stairs":13,"minecraft:ink_sac":3,"minecraft:white_bed":2,"minecraft:dark_oak_log":9,"minecraft:bundle":1,"immersiveengineering:seed":3,"minecraft:melon_seeds":2,"minecraft:black_wool":1,"minecraft:coal":39},"minecraft:killed":{"minecraft:spider":1,"minecraft:skeleton":1,"minecraft:fox":1,"minecraft:drowned":2,"minecraft:turtle":1,"minecraft:pig":7,"minecraft:zombie_villager":1,"minecraft:salmon":1,"minecraft:rabbit":1,"minecraft:sheep":10,"minecraft:zombie":8,"minecraft:cow":1},"minecraft:dropped":{"minecraft:birch_planks":1,"minecraft:wheat_seeds":1,"minecraft:cooked_porkchop":4,"minecraft:torch":6,"minecraft:cornflower":1,"minecraft:rabbit":1,"minecraft:string":2,"minecraft:gravel":7,"minecraft:wheat":1,"minecraft:rotten_flesh":3,"minecraft:glass_pane":34,"minecraft:filled_map":1,"minecraft:rabbit_hide":1,"minecraft:potato":1,"minecraft:melon_seeds":2,"minecraft:birch_button":1,"minecraft:wooden_pickaxe":1,"immersiveengineering:seed":3,"minecraft:black_wool":1}},"DataVersion":3465}