{"stats":{"minecraft:killed":{"minecraft:spider":5,"minecraft:skeleton":7,"minecraft:fox":1,"minecraft:drowned":2,"minecraft:turtle":1,"minecraft:pig":7,"minecraft:zombie_villager":1,"minecraft:salmon":2,"minecraft:rabbit":1,"minecraft:creeper":3,"minecraft:sheep":10,"minecraft:zombie":18,"minecraft:cow":1},"minecraft:mined":{"minecraft:tuff":20,"minecraft:white_bed":2,"minecraft:mossy_cobblestone":1,"minecraft:deepslate_diamond_ore":4,"minecraft:dark_oak_log":9,"minecraft:granite":33,"minecraft:brewing_stand":1,"minecraft:cave_vines_plant":1,"minecraft:birch_fence_gate":3,"minecraft:ladder":1,"minecraft:grass_block":3,"minecraft:birch_slab":1,"minecraft:spruce_leaves":2,"minecraft:moss_block":2,"minecraft:oak_wall_sign":1,"minecraft:spawner":1,"minecraft:furnace":5,"minecraft:carrots":1,"minecraft:iron_ore":12,"minecraft:cobbled_deepslate":1,"minecraft:fire":6,"minecraft:barrel":5,"minecraft:moss_carpet":1,"immersiveengineering:turntable":3,"minecraft:deepslate_lapis_ore":4,"minecraft:potatoes":1,"minecraft:deepslate_iron_ore":1,"minecraft:azalea":2,"minecraft:stone":145,"minecraft:orange_bed":5,"minecraft:birch_stairs":25,"minecraft:flowering_azalea":3,"minecraft:glass_pane":61,"minecraft:red_bed":9,"minecraft:brown_stained_glass_pane":1,"minecraft:clay":5,"minecraft:crafting_table":7,"minecraft:torch":3,"minecraft:chest":2,"minecraft:glass":3,"minecraft:tall_grass":5,"minecraft:cobblestone":32,"minecraft:dried_kelp_block":1,"minecraft:diorite":3,"minecraft:wall_torch":2,"minecraft:skeleton_skull":1,"minecraft:birch_planks":26,"minecraft:mud":1,"minecraft:birch_log":210,"minecraft:wheat":1,"minecraft:sweet_berry_bush":1,"minecraft:birch_trapdoor":7,"minecraft:birch_leaves":34,"minecraft:birch_door":2,"immersiveengineering:circuit_table":2,"minecraft:yellow_bed":1,"minecraft:grass":40,"minecraft:oak_log":19,"minecraft:coal_ore":69,"minecraft:gravel":9,"minecraft:sand":164,"minecraft:dirt":10,"minecraft:cobweb":4,"minecraft:deepslate":27,"minecraft:oak_leaves":6,"immersiveengineering:workbench":1},"minecraft:custom":{"minecraft:interact_with_smithing_table":4,"minecraft:mob_kills":60,"minecraft:animals_bred":3,"minecraft:interact_with_crafting_table":65,"minecraft:open_barrel":46,"minecraft:bell_ring":1,"minecraft:leave_game":9,"minecraft:time_since_death":369813,"minecraft:climb_one_cm":71301,"minecraft:sprint_one_cm":1038113,"minecraft:walk_one_cm":1173449,"minecraft:damage_blocked_by_shield":2425,"minecraft:drop":86,"tombstone:eaten_lollipop":2,"minecraft:talked_to_villager":39,"minecraft:play_time":369813,"minecraft:sneak_time":17160,"minecraft:walk_under_water_one_cm":47282,"minecraft:interact_with_lectern":1,"minecraft:jump":5277,"minecraft:interact_with_blast_furnace":3,"minecraft:walk_on_water_one_cm":103016,"minecraft:total_world_time":369813,"minecraft:interact_with_furnace":148,"minecraft:traded_with_villager":3,"minecraft:interact_with_cartography_table":1,"minecraft:interact_with_loom":1,"minecraft:interact_with_stonecutter":2,"minecraft:interact_with_grindstone":1,"minecraft:sleep_in_bed":22,"minecraft:time_since_rest":64773,"minecraft:damage_taken":2955,"minecraft:damage_dealt":9603,"minecraft:swim_one_cm":163512,"minecraft:player_kills":1,"minecraft:fly_one_cm":1014703,"minecraft:open_chest":186,"minecraft:crouch_one_cm":50393,"tombstone:undead_killed":18,"minecraft:fall_one_cm":140103},"minecraft:dropped":{"minecraft:iron_sword":1,"minecraft:birch_planks":1,"minecraft:wheat_seeds":5,"minecraft:cooked_porkchop":4,"minecraft:feather":1,"minecraft:torch":6,"minecraft:cornflower":1,"minecraft:rabbit":1,"minecraft:string":5,"tombstone:voodoo_poppet":1,"minecraft:bone":2,"minecraft:gravel":7,"minecraft:wheat":1,"minecraft:rotten_flesh":4,"immersiveengineering:component_steel":2,"minecraft:glass_pane":34,"immersiveengineering:shader":3,"minecraft:filled_map":2,"minecraft:rabbit_hide":1,"minecraft:potato":1,"minecraft:melon_seeds":3,"minecraft:birch_button":1,"minecraft:wooden_pickaxe":1,"immersiveengineering:seed":4,"minecraft:black_wool":1},"minecraft:crafted":{"immersiveengineering:shader_bag_common":1,"minecraft:oak_planks":76,"minecraft:birch_slab":54,"minecraft:furnace":3,"minecraft:cooked_mutton":11,"minecraft:glass_pane":304,"minecraft:flint_and_steel":1,"minecraft:glass":147,"minecraft:iron_boots":1,"minecraft:iron_axe":2,"minecraft:ladder":54,"minecraft:birch_fence_gate":40,"minecraft:stone_pickaxe":1,"minecraft:chest":6,"minecraft:birch_door":3,"minecraft:birch_button":1,"minecraft:dark_oak_planks":36,"minecraft:cooked_beef":3,"minecraft:cooked_porkchop":11,"minecraft:crafting_table":1,"minecraft:iron_helmet":1,"minecraft:wooden_pickaxe":1,"minecraft:baked_potato":49,"minecraft:iron_sword":2,"minecraft:cooked_salmon":1,"minecraft:birch_planks":824,"minecraft:stone_axe":1,"minecraft:air":0,"minecraft:diamond_pickaxe":1,"minecraft:iron_chestplate":1,"minecraft:shield":1,"minecraft:stick":416,"minecraft:iron_ingot":35,"minecraft:iron_pickaxe":1,"minecraft:birch_trapdoor":6,"minecraft:stone_sword":1,"minecraft:iron_shovel":1,"minecraft:iron_leggings":1,"minecraft:white_bed":2,"minecraft:torch":132,"minecraft:birch_stairs":128},"minecraft:picked_up":{"minecraft:crafting_table":7,"minecraft:birch_door":3,"minecraft:wheat":1,"minecraft:clay_ball":20,"minecraft:ladder":1,"minecraft:wooden_pickaxe":1,"immersiveengineering:turntable":3,"minecraft:brewing_stand":1,"minecraft:moss_carpet":1,"minecraft:cornflower":1,"minecraft:string":12,"minecraft:red_bed":9,"minecraft:oak_sign":1,"minecraft:cobbled_deepslate":33,"minecraft:bucket":1,"minecraft:beef":3,"immersiveengineering:workbench":1,"minecraft:azalea":2,"minecraft:chest":2,"minecraft:birch_sapling":12,"minecraft:furnace":5,"minecraft:stick":12,"minecraft:raw_iron":13,"minecraft:birch_trapdoor":7,"minecraft:torch":6,"minecraft:porkchop":15,"tombstone:grave_dust":5,"minecraft:diorite":3,"tombstone:lollipop":2,"minecraft:orange_bed":5,"minecraft:arrow":8,"minecraft:rotten_flesh":22,"immersiveengineering:shader":3,"minecraft:glow_berries":1,"minecraft:mutton":15,"minecraft:white_wool":9,"minecraft:skeleton_skull":1,"minecraft:cobblestone":182,"minecraft:birch_log":206,"minecraft:feather":1,"minecraft:birch_slab":2,"minecraft:salmon":2,"minecraft:potato":1,"minecraft:filled_map":1,"minecraft:birch_planks":20,"minecraft:flint":2,"minecraft:tuff":21,"minecraft:oak_log":19,"minecraft:gunpowder":2,"minecraft:lapis_lazuli":24,"tombstone:voodoo_poppet":1,"minecraft:dirt":13,"minecraft:bone":8,"minecraft:wheat_seeds":23,"minecraft:rabbit_hide":2,"minecraft:iron_ingot":3,"minecraft:rabbit":1,"minecraft:moss_block":1,"minecraft:flowering_azalea":2,"minecraft:cooked_porkchop":2,"minecraft:gravel":11,"minecraft:birch_fence_gate":3,"minecraft:birch_stairs":15,"minecraft:sand":162,"immersiveengineering:circuit_table":2,"minecraft:ink_sac":3,"minecraft:white_bed":2,"minecraft:spider_eye":2,"minecraft:dark_oak_log":9,"minecraft:mossy_cobblestone":1,"minecraft:bundle":1,"minecraft:diamond":4,"immersiveengineering:seed":8,"minecraft:granite":33,"minecraft:emerald":4,"minecraft:melon_seeds":3,"minecraft:black_wool":1,"minecraft:coal":66},"minecraft:broken":{"minecraft:stone_axe":1,"minecraft:iron_pickaxe":1},"minecraft:used":{"minecraft:stone_sword":33,"minecraft:iron_shovel":187,"minecraft:flint_and_steel":24,"minecraft:ladder":55,"minecraft:chest":8,"minecraft:shield":90,"minecraft:iron_sword":196,"tombstone:lollipop":2,"minecraft:cooked_salmon":1,"minecraft:rotten_flesh":2,"minecraft:orange_bed":4,"minecraft:torch":110,"minecraft:dirt":4,"immersiveengineering:circuit_table":2,"minecraft:birch_door":5,"minecraft:glass":57,"immersiveengineering:workbench":1,"immersiveengineering:turntable":3,"minecraft:iron_axe":190,"minecraft:birch_sapling":12,"minecraft:barrel":1,"minecraft:birch_trapdoor":13,"minecraft:written_book":2,"minecraft:furnace":8,"tombstone:gift":1,"minecraft:cooked_beef":3,"minecraft:cobbled_deepslate":18,"minecraft:wheat_seeds":1,"minecraft:cooked_mutton":11,"minecraft:water_bucket":53,"minecraft:birch_planks":347,"minecraft:stone_pickaxe":80,"minecraft:baked_potato":47,"minecraft:wooden_pickaxe":8,"minecraft:crafting_table":7,"minecraft:red_bed":9,"minecraft:white_bed":3,"minecraft:birch_fence_gate":41,"minecraft:iron_pickaxe":273,"minecraft:suspicious_stew":2,"minecraft:birch_slab":57,"tombstone:magic_scroll":1,"minecraft:stone_axe":134,"minecraft:cobblestone":32,"minecraft:cooked_porkchop":9,"minecraft:bucket":53,"minecraft:glass_pane":254,"minecraft:pumpkin_pie":1,"minecraft:birch_stairs":128}},"DataVersion":3465}