{"stats":{"minecraft:dropped":{"minecraft:cooked_porkchop":4,"minecraft:rotten_flesh":1,"minecraft:torch":6,"minecraft:birch_button":1,"minecraft:wooden_pickaxe":1},"minecraft:custom":{"minecraft:interact_with_furnace":24,"minecraft:mob_kills":13,"minecraft:interact_with_crafting_table":28,"minecraft:time_since_death":65725,"minecraft:sleep_in_bed":2,"minecraft:climb_one_cm":16806,"minecraft:time_since_rest":15883,"minecraft:sprint_one_cm":103981,"minecraft:damage_taken":740,"minecraft:walk_one_cm":245620,"minecraft:drop":13,"minecraft:damage_dealt":1658,"minecraft:swim_one_cm":5901,"minecraft:fly_one_cm":53385,"minecraft:open_chest":20,"minecraft:crouch_one_cm":23820,"minecraft:play_time":65725,"minecraft:sneak_time":7189,"minecraft:walk_under_water_one_cm":5174,"minecraft:jump":516,"minecraft:walk_on_water_one_cm":2544,"minecraft:total_world_time":65725,"minecraft:fall_one_cm":11408},"minecraft:picked_up":{"minecraft:birch_log":133,"minecraft:crafting_table":3,"minecraft:birch_door":3,"minecraft:ladder":1,"minecraft:wooden_pickaxe":1,"minecraft:birch_planks":14,"minecraft:dirt":3,"minecraft:bone":2,"minecraft:beef":3,"minecraft:chest":2,"minecraft:birch_sapling":12,"minecraft:furnace":2,"minecraft:stick":9,"minecraft:cooked_porkchop":1,"minecraft:birch_trapdoor":4,"minecraft:torch":3,"minecraft:porkchop":11,"minecraft:birch_stairs":7,"minecraft:white_bed":1,"minecraft:dark_oak_log":9,"minecraft:arrow":2,"minecraft:rotten_flesh":3,"minecraft:mutton":3,"minecraft:coal":39,"minecraft:white_wool":3,"minecraft:cobblestone":46},"minecraft:killed":{"minecraft:pig":5,"minecraft:sheep":3,"minecraft:skeleton":1,"minecraft:zombie":2,"minecraft:drowned":1,"minecraft:cow":1},"minecraft:crafted":{"minecraft:cooked_beef":3,"minecraft:cooked_porkchop":11,"minecraft:wooden_pickaxe":1,"minecraft:furnace":2,"minecraft:birch_planks":532,"minecraft:stone_axe":1,"minecraft:cooked_mutton":3,"minecraft:air":0,"minecraft:iron_axe":1,"minecraft:ladder":54,"minecraft:stick":164,"minecraft:iron_ingot":3,"minecraft:stone_pickaxe":1,"minecraft:birch_trapdoor":2,"minecraft:stone_sword":1,"minecraft:chest":2,"minecraft:white_bed":1,"minecraft:birch_door":3,"minecraft:birch_button":1,"minecraft:dark_oak_planks":36,"minecraft:torch":36,"minecraft:birch_stairs":128},"minecraft:broken":{"minecraft:stone_axe":1},"minecraft:used":{"minecraft:stone_sword":33,"minecraft:birch_planks":249,"minecraft:stone_pickaxe":80,"minecraft:ladder":55,"minecraft:chest":4,"minecraft:wooden_pickaxe":8,"minecraft:rotten_flesh":2,"minecraft:torch":10,"minecraft:dirt":3,"minecraft:crafting_table":3,"minecraft:white_bed":2,"minecraft:birch_door":5,"minecraft:iron_axe":47,"minecraft:birch_sapling":12,"minecraft:stone_axe":134,"minecraft:birch_trapdoor":6,"minecraft:cobblestone":9,"minecraft:furnace":4,"minecraft:cooked_porkchop":5,"minecraft:cooked_beef":3,"minecraft:birch_stairs":127},"minecraft:mined":{"minecraft:birch_stairs":7,"minecraft:white_bed":1,"minecraft:dark_oak_log":9,"minecraft:crafting_table":3,"minecraft:torch":2,"minecraft:ladder":1,"minecraft:grass_block":3,"minecraft:chest":2,"minecraft:cobblestone":11,"minecraft:wall_torch":1,"minecraft:birch_planks":16,"minecraft:furnace":2,"minecraft:birch_log":136,"minecraft:birch_trapdoor":4,"minecraft:birch_leaves":34,"minecraft:birch_door":2,"minecraft:grass":23,"minecraft:coal_ore":42,"minecraft:stone":33}},"DataVersion":3465}