{"stats":{"minecraft:dropped":{"minecraft:cooked_porkchop":4,"minecraft:rotten_flesh":1,"minecraft:birch_button":1,"minecraft:wooden_pickaxe":1},"minecraft:custom":{"minecraft:interact_with_furnace":18,"minecraft:mob_kills":13,"minecraft:interact_with_crafting_table":14,"minecraft:time_since_death":29725,"minecraft:sleep_in_bed":1,"minecraft:time_since_rest":496,"minecraft:sprint_one_cm":63206,"minecraft:damage_taken":395,"minecraft:walk_one_cm":114096,"minecraft:drop":7,"minecraft:damage_dealt":1658,"minecraft:swim_one_cm":5901,"minecraft:fly_one_cm":33205,"minecraft:open_chest":14,"minecraft:crouch_one_cm":557,"minecraft:play_time":29725,"minecraft:sneak_time":188,"minecraft:walk_under_water_one_cm":5174,"minecraft:jump":290,"minecraft:walk_on_water_one_cm":2544,"minecraft:total_world_time":29725,"minecraft:fall_one_cm":5213},"minecraft:picked_up":{"minecraft:birch_log":47,"minecraft:crafting_table":2,"minecraft:birch_door":3,"minecraft:wooden_pickaxe":1,"minecraft:dirt":3,"minecraft:bone":2,"minecraft:beef":3,"minecraft:chest":2,"minecraft:birch_sapling":10,"minecraft:furnace":2,"minecraft:stick":8,"minecraft:cooked_porkchop":1,"minecraft:torch":3,"minecraft:porkchop":11,"minecraft:dark_oak_log":9,"minecraft:arrow":2,"minecraft:rotten_flesh":3,"minecraft:mutton":3,"minecraft:coal":39,"minecraft:white_wool":3,"minecraft:cobblestone":38},"minecraft:killed":{"minecraft:pig":5,"minecraft:sheep":3,"minecraft:skeleton":1,"minecraft:zombie":2,"minecraft:drowned":1,"minecraft:cow":1},"minecraft:crafted":{"minecraft:cooked_beef":3,"minecraft:cooked_porkchop":11,"minecraft:wooden_pickaxe":1,"minecraft:furnace":1,"minecraft:birch_planks":188,"minecraft:stone_axe":1,"minecraft:cooked_mutton":3,"minecraft:air":0,"minecraft:stick":76,"minecraft:stone_pickaxe":1,"minecraft:stone_sword":1,"minecraft:chest":2,"minecraft:white_bed":1,"minecraft:birch_door":3,"minecraft:birch_button":1,"minecraft:dark_oak_planks":36,"minecraft:torch":36},"minecraft:used":{"minecraft:stone_sword":33,"minecraft:stone_pickaxe":72,"minecraft:chest":4,"minecraft:wooden_pickaxe":8,"minecraft:rotten_flesh":2,"minecraft:torch":9,"minecraft:dirt":3,"minecraft:crafting_table":2,"minecraft:white_bed":1,"minecraft:birch_door":5,"minecraft:birch_sapling":9,"minecraft:stone_axe":65,"minecraft:cobblestone":1,"minecraft:furnace":3,"minecraft:cooked_porkchop":1,"minecraft:cooked_beef":3},"minecraft:mined":{"minecraft:dark_oak_log":9,"minecraft:crafting_table":2,"minecraft:torch":2,"minecraft:grass_block":3,"minecraft:chest":2,"minecraft:cobblestone":3,"minecraft:wall_torch":1,"minecraft:furnace":2,"minecraft:birch_log":48,"minecraft:birch_leaves":34,"minecraft:birch_door":2,"minecraft:grass":23,"minecraft:coal_ore":42,"minecraft:stone":33}},"DataVersion":3465}