{"stats":{"minecraft:dropped":{"minecraft:rotten_flesh":1,"minecraft:birch_button":1,"minecraft:wooden_pickaxe":1},"minecraft:picked_up":{"minecraft:birch_log":3,"minecraft:crafting_table":2,"minecraft:torch":3,"minecraft:wooden_pickaxe":1,"minecraft:porkchop":11,"minecraft:dark_oak_log":9,"minecraft:dirt":3,"minecraft:bone":2,"minecraft:arrow":2,"minecraft:rotten_flesh":3,"minecraft:beef":3,"minecraft:mutton":3,"minecraft:coal":39,"minecraft:white_wool":3,"minecraft:cobblestone":35,"minecraft:furnace":1},"minecraft:custom":{"minecraft:time_since_rest":17725,"minecraft:interact_with_furnace":8,"minecraft:sprint_one_cm":33720,"minecraft:damage_taken":320,"minecraft:walk_one_cm":67835,"minecraft:mob_kills":11,"minecraft:drop":3,"minecraft:damage_dealt":1259,"minecraft:swim_one_cm":5901,"minecraft:interact_with_crafting_table":5,"minecraft:fly_one_cm":24840,"minecraft:crouch_one_cm":557,"minecraft:play_time":17725,"minecraft:sneak_time":188,"minecraft:walk_under_water_one_cm":5174,"minecraft:jump":243,"minecraft:time_since_death":17725,"minecraft:walk_on_water_one_cm":2544,"minecraft:total_world_time":17725,"minecraft:fall_one_cm":5213},"minecraft:killed":{"minecraft:sheep":3,"minecraft:skeleton":1,"minecraft:pig":5,"minecraft:zombie":1,"minecraft:cow":1},"minecraft:crafted":{"minecraft:cooked_beef":3,"minecraft:stick":76,"minecraft:wooden_pickaxe":1,"minecraft:stone_pickaxe":1,"minecraft:stone_sword":1,"minecraft:furnace":1,"minecraft:dark_oak_planks":36,"minecraft:birch_button":1,"minecraft:torch":36,"minecraft:birch_planks":12,"minecraft:stone_axe":1,"minecraft:air":0},"minecraft:used":{"minecraft:stone_sword":24,"minecraft:stone_pickaxe":68,"minecraft:wooden_pickaxe":8,"minecraft:rotten_flesh":2,"minecraft:stone_axe":11,"minecraft:torch":4,"minecraft:dirt":3,"minecraft:crafting_table":1,"minecraft:furnace":1,"minecraft:cooked_beef":3},"minecraft:mined":{"minecraft:furnace":1,"minecraft:birch_log":3,"minecraft:dark_oak_log":9,"minecraft:torch":2,"minecraft:crafting_table":2,"minecraft:grass":2,"minecraft:grass_block":3,"minecraft:coal_ore":42,"minecraft:stone":33,"minecraft:wall_torch":1}},"DataVersion":3465}