{"stats":{"minecraft:dropped":{"minecraft:birch_planks":1,"minecraft:cooked_porkchop":4,"minecraft:rotten_flesh":1,"minecraft:glass_pane":34,"minecraft:torch":6,"minecraft:birch_button":1,"minecraft:wooden_pickaxe":1},"minecraft:custom":{"minecraft:interact_with_furnace":83,"minecraft:mob_kills":19,"minecraft:interact_with_crafting_table":49,"minecraft:time_since_death":113725,"minecraft:sleep_in_bed":2,"minecraft:climb_one_cm":45978,"minecraft:time_since_rest":63883,"minecraft:sprint_one_cm":189427,"minecraft:damage_taken":1238,"minecraft:walk_one_cm":421823,"minecraft:damage_blocked_by_shield":95,"minecraft:drop":48,"minecraft:damage_dealt":2812,"minecraft:swim_one_cm":11101,"minecraft:fly_one_cm":84377,"minecraft:open_chest":32,"minecraft:crouch_one_cm":37939,"minecraft:play_time":113725,"minecraft:sneak_time":12807,"minecraft:walk_under_water_one_cm":9125,"minecraft:jump":851,"minecraft:walk_on_water_one_cm":10511,"minecraft:total_world_time":113725,"minecraft:fall_one_cm":19171},"minecraft:picked_up":{"minecraft:birch_log":193,"minecraft:crafting_table":3,"minecraft:birch_door":3,"minecraft:ladder":1,"minecraft:wooden_pickaxe":1,"minecraft:birch_planks":20,"minecraft:dirt":3,"minecraft:bone":3,"minecraft:iron_ingot":3,"minecraft:beef":3,"minecraft:chest":2,"minecraft:birch_sapling":12,"minecraft:furnace":2,"minecraft:stick":12,"minecraft:cooked_porkchop":2,"minecraft:birch_trapdoor":7,"minecraft:torch":3,"minecraft:birch_fence_gate":3,"minecraft:sand":88,"minecraft:porkchop":11,"minecraft:birch_stairs":13,"minecraft:white_bed":1,"minecraft:dark_oak_log":9,"minecraft:arrow":3,"minecraft:rotten_flesh":9,"minecraft:mutton":3,"minecraft:coal":39,"minecraft:white_wool":3,"minecraft:cobblestone":46},"minecraft:killed":{"minecraft:pig":5,"minecraft:spider":1,"minecraft:sheep":3,"minecraft:skeleton":1,"minecraft:zombie":6,"minecraft:drowned":2,"minecraft:cow":1},"minecraft:crafted":{"minecraft:cooked_beef":3,"minecraft:cooked_porkchop":11,"minecraft:wooden_pickaxe":1,"minecraft:iron_sword":1,"minecraft:furnace":2,"minecraft:birch_planks":772,"minecraft:stone_axe":1,"minecraft:cooked_mutton":3,"minecraft:air":0,"minecraft:glass_pane":240,"minecraft:glass":124,"minecraft:shield":1,"minecraft:iron_axe":1,"minecraft:ladder":54,"minecraft:birch_fence_gate":40,"minecraft:stick":304,"minecraft:iron_ingot":8,"minecraft:iron_pickaxe":1,"minecraft:stone_pickaxe":1,"minecraft:birch_trapdoor":6,"minecraft:stone_sword":1,"minecraft:chest":2,"minecraft:iron_shovel":1,"minecraft:white_bed":1,"minecraft:birch_door":3,"minecraft:birch_button":1,"minecraft:dark_oak_planks":36,"minecraft:torch":36,"minecraft:birch_stairs":128},"minecraft:broken":{"minecraft:stone_axe":1},"minecraft:used":{"minecraft:cooked_mutton":2,"minecraft:stone_sword":33,"minecraft:iron_shovel":89,"minecraft:birch_planks":347,"minecraft:stone_pickaxe":80,"minecraft:ladder":55,"minecraft:shield":4,"minecraft:chest":4,"minecraft:wooden_pickaxe":8,"minecraft:iron_sword":27,"minecraft:rotten_flesh":2,"minecraft:torch":14,"minecraft:dirt":3,"minecraft:crafting_table":3,"minecraft:white_bed":2,"minecraft:birch_door":5,"minecraft:glass":33,"minecraft:birch_fence_gate":41,"minecraft:iron_axe":140,"minecraft:birch_sapling":12,"minecraft:stone_axe":134,"minecraft:birch_trapdoor":13,"minecraft:cobblestone":9,"minecraft:furnace":4,"minecraft:cooked_porkchop":9,"minecraft:glass_pane":179,"minecraft:cooked_beef":3,"minecraft:birch_stairs":127},"minecraft:mined":{"minecraft:birch_stairs":23,"minecraft:white_bed":1,"minecraft:glass_pane":57,"minecraft:dark_oak_log":9,"minecraft:crafting_table":3,"minecraft:torch":2,"minecraft:birch_fence_gate":3,"minecraft:ladder":1,"minecraft:grass_block":3,"minecraft:chest":2,"minecraft:glass":3,"minecraft:cobblestone":11,"minecraft:wall_torch":1,"minecraft:birch_planks":26,"minecraft:furnace":2,"minecraft:birch_log":197,"minecraft:birch_trapdoor":7,"minecraft:birch_leaves":34,"minecraft:birch_door":2,"minecraft:grass":23,"minecraft:coal_ore":42,"minecraft:sand":89,"minecraft:stone":33}},"DataVersion":3465}