{"stats":{"minecraft:killed":{"minecraft:vindicator":1,"minecraft:spider":7,"minecraft:skeleton":7,"minecraft:fox":1,"minecraft:drowned":13,"minecraft:turtle":1,"minecraft:pig":7,"minecraft:zombie_villager":1,"minecraft:salmon":7,"minecraft:rabbit":1,"minecraft:creeper":3,"minecraft:sheep":10,"minecraft:pillager":1,"minecraft:zombie":20,"minecraft:cow":1},"minecraft:mined":{"minecraft:tuff":20,"minecraft:white_bed":2,"minecraft:mossy_cobblestone":2,"minecraft:deepslate_diamond_ore":4,"minecraft:dark_oak_log":9,"minecraft:granite":36,"minecraft:brewing_stand":1,"minecraft:cave_vines_plant":1,"minecraft:birch_fence_gate":3,"minecraft:ladder":1,"minecraft:grass_block":3,"minecraft:birch_slab":1,"minecraft:spruce_leaves":2,"minecraft:moss_block":2,"minecraft:oak_wall_sign":1,"minecraft:spawner":3,"minecraft:furnace":5,"minecraft:carrots":1,"minecraft:iron_ore":12,"minecraft:cobbled_deepslate":1,"minecraft:fire":6,"minecraft:barrel":5,"minecraft:moss_carpet":1,"immersiveengineering:turntable":3,"minecraft:deepslate_lapis_ore":4,"minecraft:potatoes":1,"minecraft:deepslate_iron_ore":1,"minecraft:iron_bars":2,"minecraft:azalea":2,"minecraft:stone":145,"minecraft:orange_bed":7,"minecraft:birch_stairs":28,"minecraft:flowering_azalea":3,"minecraft:glass_pane":61,"minecraft:red_bed":9,"minecraft:brown_stained_glass_pane":1,"minecraft:clay":5,"minecraft:crafting_table":8,"minecraft:torch":3,"minecraft:chest":2,"mahoutsukai:mahoujin":1,"minecraft:glass":3,"minecraft:tall_grass":5,"minecraft:cobblestone":32,"minecraft:dried_kelp_block":1,"minecraft:diorite":3,"minecraft:wall_torch":2,"minecraft:skeleton_skull":1,"minecraft:birch_planks":26,"minecraft:mud":1,"minecraft:birch_log":224,"minecraft:wheat":1,"minecraft:sweet_berry_bush":1,"minecraft:birch_trapdoor":7,"minecraft:birch_leaves":34,"minecraft:birch_door":2,"immersiveengineering:circuit_table":2,"minecraft:yellow_bed":1,"minecraft:grass":40,"minecraft:oak_log":19,"minecraft:coal_ore":69,"minecraft:gravel":20,"minecraft:sand":164,"minecraft:dirt":10,"minecraft:cobweb":4,"minecraft:deepslate":27,"minecraft:oak_leaves":6,"immersiveengineering:workbench":1},"minecraft:custom":{"minecraft:interact_with_smithing_table":4,"minecraft:mob_kills":83,"minecraft:animals_bred":3,"minecraft:interact_with_crafting_table":70,"minecraft:open_barrel":46,"minecraft:bell_ring":1,"minecraft:leave_game":10,"minecraft:time_since_death":417622,"minecraft:climb_one_cm":77559,"minecraft:sprint_one_cm":1187921,"minecraft:walk_one_cm":1290086,"minecraft:damage_blocked_by_shield":2640,"minecraft:drop":99,"tombstone:eaten_lollipop":5,"minecraft:talked_to_villager":39,"minecraft:play_time":417622,"minecraft:sneak_time":17251,"minecraft:walk_under_water_one_cm":68675,"minecraft:boat_one_cm":83610,"minecraft:interact_with_lectern":1,"minecraft:jump":5764,"minecraft:interact_with_blast_furnace":3,"minecraft:walk_on_water_one_cm":119544,"minecraft:total_world_time":417622,"minecraft:interact_with_furnace":149,"tombstone:raider_killed":2,"minecraft:traded_with_villager":3,"minecraft:interact_with_cartography_table":1,"minecraft:interact_with_loom":1,"minecraft:interact_with_stonecutter":2,"minecraft:interact_with_grindstone":1,"minecraft:sleep_in_bed":26,"minecraft:time_since_rest":1932,"minecraft:damage_taken":3340,"minecraft:damage_dealt":12897,"tombstone:cast_on_ally":0,"minecraft:swim_one_cm":252110,"minecraft:player_kills":1,"minecraft:fly_one_cm":1109935,"minecraft:open_chest":233,"minecraft:crouch_one_cm":50469,"tombstone:undead_killed":31,"minecraft:fall_one_cm":153176},"minecraft:dropped":{"minecraft:iron_sword":1,"minecraft:birch_planks":1,"minecraft:wheat_seeds":5,"minecraft:cooked_porkchop":4,"minecraft:feather":1,"minecraft:torch":6,"minecraft:cornflower":1,"minecraft:rabbit":1,"minecraft:bone_meal":1,"minecraft:string":5,"tombstone:voodoo_poppet":1,"minecraft:bone":2,"minecraft:gravel":7,"minecraft:cocoa_beans":3,"minecraft:birch_sapling":1,"minecraft:wheat":1,"minecraft:rotten_flesh":4,"minecraft:oak_planks":1,"immersiveengineering:component_steel":2,"minecraft:glass_pane":34,"minecraft:pumpkin_seeds":4,"immersiveengineering:shader":3,"minecraft:filled_map":2,"minecraft:rabbit_hide":1,"minecraft:potato":1,"minecraft:bundle":1,"minecraft:beetroot_seeds":2,"minecraft:melon_seeds":3,"minecraft:birch_button":1,"minecraft:wooden_pickaxe":1,"immersiveengineering:seed":4,"minecraft:black_wool":1},"minecraft:crafted":{"immersiveengineering:shader_bag_common":1,"minecraft:oak_planks":76,"minecraft:birch_boat":1,"minecraft:birch_slab":54,"minecraft:furnace":3,"minecraft:cooked_mutton":11,"minecraft:glass_pane":304,"minecraft:flint_and_steel":1,"minecraft:glass":147,"minecraft:iron_boots":1,"minecraft:iron_axe":2,"minecraft:ladder":54,"minecraft:birch_fence_gate":40,"minecraft:stone_pickaxe":1,"minecraft:chest":6,"minecraft:birch_door":3,"minecraft:birch_button":1,"minecraft:dark_oak_planks":36,"minecraft:cooked_beef":3,"minecraft:item_frame":1,"minecraft:cooked_porkchop":11,"minecraft:crafting_table":1,"minecraft:iron_helmet":1,"minecraft:wooden_pickaxe":1,"minecraft:baked_potato":49,"minecraft:iron_sword":2,"minecraft:cooked_salmon":1,"minecraft:birch_planks":880,"minecraft:stone_axe":1,"minecraft:air":0,"minecraft:diamond_pickaxe":1,"minecraft:iron_chestplate":1,"minecraft:shield":1,"minecraft:stick":432,"minecraft:iron_ingot":35,"minecraft:iron_pickaxe":1,"minecraft:birch_trapdoor":6,"minecraft:stone_sword":1,"minecraft:iron_shovel":1,"minecraft:iron_leggings":1,"minecraft:white_bed":2,"minecraft:torch":132,"minecraft:birch_stairs":128},"minecraft:picked_up":{"minecraft:crafting_table":8,"minecraft:birch_door":3,"minecraft:wheat":1,"minecraft:clay_ball":20,"minecraft:ladder":1,"minecraft:wooden_pickaxe":1,"immersiveengineering:turntable":3,"minecraft:brewing_stand":1,"minecraft:moss_carpet":1,"minecraft:cornflower":1,"minecraft:string":14,"minecraft:red_bed":9,"minecraft:oak_sign":1,"minecraft:cobbled_deepslate":33,"minecraft:bucket":1,"minecraft:beef":3,"immersiveengineering:workbench":1,"minecraft:azalea":2,"minecraft:chest":2,"minecraft:birch_sapling":13,"minecraft:furnace":5,"minecraft:stick":12,"minecraft:raw_iron":13,"minecraft:copper_ingot":1,"minecraft:birch_trapdoor":7,"minecraft:torch":6,"minecraft:porkchop":15,"tombstone:grave_dust":7,"minecraft:diorite":3,"tombstone:lollipop":4,"minecraft:orange_bed":7,"minecraft:arrow":10,"minecraft:rotten_flesh":32,"immersiveengineering:shader":3,"minecraft:glow_berries":1,"minecraft:mutton":15,"minecraft:iron_bars":2,"minecraft:white_wool":9,"minecraft:skeleton_skull":1,"minecraft:cobblestone":182,"minecraft:nautilus_shell":1,"minecraft:birch_log":220,"minecraft:feather":1,"minecraft:birch_slab":2,"minecraft:salmon":5,"minecraft:potato":1,"minecraft:filled_map":1,"minecraft:birch_planks":20,"minecraft:flint":2,"minecraft:tuff":21,"minecraft:oak_log":19,"minecraft:gunpowder":2,"minecraft:lapis_lazuli":24,"tombstone:voodoo_poppet":1,"minecraft:dirt":13,"minecraft:bone":8,"minecraft:kelp":4,"minecraft:wheat_seeds":23,"minecraft:rabbit_hide":2,"minecraft:iron_ingot":3,"tombstone:bag_of_seeds":1,"minecraft:rabbit":1,"minecraft:moss_block":1,"minecraft:flowering_azalea":2,"minecraft:cooked_porkchop":2,"minecraft:birch_boat":1,"minecraft:gravel":17,"minecraft:birch_fence_gate":3,"minecraft:birch_stairs":18,"minecraft:sand":162,"immersiveengineering:circuit_table":2,"minecraft:ink_sac":3,"minecraft:white_bed":2,"minecraft:spider_eye":2,"minecraft:dark_oak_log":9,"minecraft:mossy_cobblestone":2,"minecraft:bundle":2,"minecraft:diamond":4,"immersiveengineering:seed":8,"minecraft:granite":36,"minecraft:bone_meal":1,"minecraft:emerald":6,"minecraft:melon_seeds":3,"minecraft:black_wool":1,"minecraft:coal":66},"minecraft:broken":{"minecraft:stone_axe":1,"minecraft:iron_pickaxe":1},"minecraft:used":{"minecraft:stone_sword":33,"minecraft:iron_shovel":187,"minecraft:flint_and_steel":42,"minecraft:ladder":55,"minecraft:chest":8,"minecraft:shield":98,"minecraft:iron_sword":278,"tombstone:lollipop":5,"minecraft:cooked_salmon":1,"minecraft:rotten_flesh":2,"minecraft:orange_bed":6,"minecraft:torch":124,"minecraft:dirt":4,"immersiveengineering:circuit_table":2,"minecraft:birch_door":5,"minecraft:glass":57,"immersiveengineering:workbench":1,"immersiveengineering:turntable":3,"minecraft:iron_axe":208,"minecraft:birch_sapling":12,"minecraft:barrel":1,"minecraft:item_frame":1,"minecraft:birch_trapdoor":13,"minecraft:written_book":2,"minecraft:furnace":8,"tombstone:gift":1,"minecraft:skeleton_skull":1,"minecraft:cooked_beef":3,"minecraft:cobbled_deepslate":18,"minecraft:wheat_seeds":1,"minecraft:cooked_mutton":11,"minecraft:water_bucket":56,"minecraft:birch_planks":347,"minecraft:stone_pickaxe":80,"minecraft:baked_potato":58,"minecraft:birch_boat":1,"minecraft:wooden_pickaxe":8,"minecraft:crafting_table":8,"minecraft:red_bed":9,"minecraft:white_bed":3,"tombstone:bag_of_seeds":1,"minecraft:diamond_pickaxe":2,"minecraft:birch_fence_gate":41,"minecraft:iron_pickaxe":279,"minecraft:suspicious_stew":2,"minecraft:birch_slab":57,"tombstone:magic_scroll":1,"minecraft:stone_axe":134,"minecraft:fishing_rod":7,"minecraft:cobblestone":32,"minecraft:cooked_porkchop":9,"minecraft:bucket":57,"minecraft:glass_pane":254,"minecraft:pumpkin_pie":1,"minecraft:birch_stairs":132}},"DataVersion":3465}