{"stats":{"minecraft:dropped":{"minecraft:iron_helmet":1,"minecraft:rotten_flesh":1},"minecraft:custom":{"minecraft:interact_with_furnace":31,"minecraft:mob_kills":12,"minecraft:interact_with_crafting_table":11,"minecraft:leave_game":1,"minecraft:time_since_death":51329,"minecraft:climb_one_cm":784,"minecraft:time_since_rest":51358,"minecraft:sprint_one_cm":39257,"minecraft:damage_taken":565,"minecraft:walk_one_cm":268796,"minecraft:drop":2,"minecraft:damage_dealt":1415,"minecraft:swim_one_cm":4031,"minecraft:fly_one_cm":27400,"minecraft:crouch_one_cm":6544,"minecraft:play_time":55144,"minecraft:deaths":1,"minecraft:sneak_time":1731,"minecraft:walk_under_water_one_cm":4475,"minecraft:jump":663,"minecraft:walk_on_water_one_cm":12108,"minecraft:total_world_time":55144,"minecraft:fall_one_cm":7045},"minecraft:picked_up":{"minecraft:birch_log":65,"minecraft:birch_door":4,"minecraft:crafting_table":1,"minecraft:feather":4,"minecraft:chicken":3,"minecraft:clay_ball":48,"minecraft:birch_slab":24,"minecraft:birch_planks":2,"minecraft:birch_button":1,"minecraft:flint":2,"minecraft:dirt":137,"minecraft:wheat_seeds":1,"minecraft:birch_sapling":6,"minecraft:furnace":4,"minecraft:stick":3,"minecraft:raw_iron":50,"minecraft:cooked_porkchop":3,"minecraft:torch":8,"minecraft:gravel":11,"minecraft:porkchop":8,"minecraft:diorite":41,"minecraft:rotten_flesh":7,"minecraft:granite":32,"minecraft:coal":22,"minecraft:cobblestone":201},"minecraft:killed":{"minecraft:pig":3,"minecraft:zombie":6,"minecraft:chicken":3},"minecraft:crafted":{"minecraft:stone_shovel":1,"minecraft:cooked_porkchop":2,"minecraft:crafting_table":4,"minecraft:iron_helmet":2,"minecraft:wooden_pickaxe":1,"minecraft:cooked_chicken":3,"minecraft:birch_slab":72,"minecraft:furnace":5,"minecraft:birch_planks":224,"minecraft:stone_axe":1,"minecraft:air":0,"minecraft:iron_chestplate":1,"minecraft:stick":24,"minecraft:iron_ingot":32,"minecraft:iron_pickaxe":1,"minecraft:stone_pickaxe":3,"minecraft:iron_leggings":1},"minecraft:broken":{"minecraft:stone_pickaxe":1},"minecraft:used":{"minecraft:birch_planks":132,"minecraft:stone_pickaxe":223,"minecraft:stone_shovel":127,"minecraft:wooden_pickaxe":20,"minecraft:cooked_chicken":3,"minecraft:rotten_flesh":6,"minecraft:torch":5,"minecraft:dirt":58,"minecraft:crafting_table":5,"minecraft:birch_door":4,"minecraft:birch_slab":95,"minecraft:iron_pickaxe":109,"minecraft:stone_axe":100,"minecraft:birch_button":1,"minecraft:cobblestone":12,"minecraft:furnace":9,"minecraft:birch_log":9},"minecraft:mined":{"minecraft:clay":12,"minecraft:crafting_table":1,"minecraft:granite":32,"minecraft:grass_block":78,"minecraft:cobblestone":3,"minecraft:birch_slab":20,"minecraft:diorite":41,"minecraft:birch_planks":2,"minecraft:furnace":4,"minecraft:birch_log":62,"minecraft:iron_ore":50,"minecraft:birch_leaves":20,"minecraft:birch_door":5,"minecraft:grass":1,"minecraft:coal_ore":20,"minecraft:gravel":13,"minecraft:dirt":59,"minecraft:stone":201,"minecraft:oak_leaves":1},"minecraft:killed_by":{"minecraft:spider":1}},"DataVersion":3465}