{"stats":{"minecraft:custom":{"minecraft:time_since_rest":3358,"minecraft:crouch_one_cm":1096,"minecraft:sprint_one_cm":11497,"minecraft:play_time":7144,"minecraft:walk_one_cm":28177,"minecraft:damage_taken":240,"minecraft:deaths":1,"minecraft:sneak_time":176,"minecraft:jump":98,"minecraft:damage_dealt":28,"minecraft:leave_game":1,"minecraft:time_since_death":3329,"minecraft:total_world_time":7144,"minecraft:interact_with_crafting_table":2,"minecraft:fall_one_cm":1738,"minecraft:fly_one_cm":8641},"minecraft:picked_up":{"minecraft:birch_log":9,"minecraft:dirt":9,"minecraft:cobblestone":20},"minecraft:crafted":{"minecraft:birch_planks":24,"minecraft:stone_axe":1,"minecraft:crafting_table":2,"minecraft:stick":16,"minecraft:wooden_pickaxe":1},"minecraft:used":{"minecraft:crafting_table":2,"minecraft:birch_log":3,"minecraft:wooden_pickaxe":20},"minecraft:mined":{"minecraft:grass_block":3,"minecraft:dirt":6,"minecraft:birch_log":9,"minecraft:stone":20,"minecraft:birch_leaves":1,"minecraft:oak_leaves":1},"minecraft:killed_by":{"minecraft:spider":1}},"DataVersion":3465}