{"stats":{"minecraft:dropped":{"minecraft:iron_ingot":3,"minecraft:cooked_porkchop":1,"minecraft:iron_helmet":1,"minecraft:rotten_flesh":1,"minecraft:bucket":1},"minecraft:custom":{"minecraft:interact_with_furnace":56,"minecraft:mob_kills":22,"minecraft:interact_with_crafting_table":39,"minecraft:leave_game":2,"minecraft:time_since_death":124140,"minecraft:sleep_in_bed":1,"minecraft:climb_one_cm":8516,"minecraft:time_since_rest":70341,"minecraft:sprint_one_cm":107013,"minecraft:damage_taken":922,"minecraft:walk_one_cm":581874,"minecraft:damage_blocked_by_shield":760,"minecraft:drop":5,"minecraft:damage_dealt":3377,"minecraft:swim_one_cm":11204,"minecraft:fly_one_cm":75936,"minecraft:open_chest":11,"minecraft:crouch_one_cm":38250,"minecraft:play_time":127955,"minecraft:deaths":1,"minecraft:sneak_time":9587,"minecraft:walk_under_water_one_cm":14452,"minecraft:jump":1472,"minecraft:walk_on_water_one_cm":40452,"minecraft:total_world_time":127955,"minecraft:fall_one_cm":15292},"minecraft:picked_up":{"minecraft:birch_log":133,"minecraft:birch_door":4,"minecraft:crafting_table":1,"minecraft:feather":4,"minecraft:chicken":3,"minecraft:clay_ball":48,"minecraft:birch_slab":91,"minecraft:andesite":23,"minecraft:birch_planks":11,"minecraft:birch_button":1,"minecraft:flint":4,"minecraft:cobblestone_wall":4,"minecraft:string":2,"minecraft:lapis_lazuli":32,"minecraft:dirt":174,"minecraft:birch_fence":22,"minecraft:glass_pane":34,"minecraft:wheat_seeds":2,"minecraft:cobbled_deepslate":177,"minecraft:raw_gold":18,"minecraft:birch_sapling":6,"minecraft:furnace":4,"minecraft:stick":5,"minecraft:raw_iron":66,"minecraft:cooked_porkchop":3,"minecraft:sand":78,"minecraft:torch":9,"minecraft:gravel":21,"minecraft:porkchop":8,"minecraft:diorite":48,"minecraft:spider_eye":1,"minecraft:rotten_flesh":16,"minecraft:diamond":32,"minecraft:granite":68,"minecraft:coal":40,"minecraft:cobblestone":237},"minecraft:killed":{"minecraft:pig":3,"minecraft:spider":2,"minecraft:skeleton":1,"minecraft:zombie":10,"minecraft:chicken":3,"minecraft:drowned":3},"minecraft:crafted":{"minecraft:stone_shovel":1,"minecraft:diamond_sword":1,"minecraft:cooked_porkchop":8,"minecraft:diamond_axe":1,"minecraft:iron_nugget":9,"minecraft:crafting_table":4,"minecraft:iron_helmet":2,"minecraft:wooden_pickaxe":1,"minecraft:cooked_chicken":3,"minecraft:chain":4,"minecraft:iron_sword":1,"minecraft:birch_slab":330,"minecraft:furnace":5,"minecraft:cobbled_deepslate_wall":6,"minecraft:bucket":1,"minecraft:birch_planks":480,"minecraft:stone_axe":1,"minecraft:air":0,"minecraft:glass_pane":16,"minecraft:glass":30,"minecraft:diamond_helmet":1,"minecraft:diamond_leggings":1,"minecraft:iron_boots":1,"minecraft:iron_chestplate":1,"minecraft:diamond_pickaxe":1,"minecraft:shield":1,"minecraft:iron_axe":1,"minecraft:birch_fence":60,"minecraft:stick":60,"minecraft:iron_ingot":58,"minecraft:iron_pickaxe":3,"minecraft:stone_pickaxe":3,"minecraft:cobblestone_wall":6,"minecraft:diamond_boots":1,"minecraft:iron_shovel":1,"minecraft:iron_leggings":1,"minecraft:shears":1,"minecraft:diamond_chestplate":1},"minecraft:broken":{"minecraft:stone_pickaxe":1,"minecraft:iron_pickaxe":1},"minecraft:used":{"minecraft:cobbled_deepslate_wall":4,"minecraft:iron_shovel":95,"minecraft:birch_planks":139,"minecraft:stone_pickaxe":223,"minecraft:stone_shovel":127,"minecraft:shield":39,"minecraft:wooden_pickaxe":20,"minecraft:iron_sword":8,"minecraft:diamond_axe":170,"minecraft:cooked_chicken":3,"minecraft:rotten_flesh":6,"minecraft:torch":8,"minecraft:dirt":75,"minecraft:crafting_table":5,"minecraft:cobblestone_wall":10,"minecraft:granite":5,"minecraft:birch_fence":67,"minecraft:birch_door":4,"minecraft:diamond_pickaxe":15,"minecraft:iron_axe":7,"minecraft:birch_slab":419,"minecraft:iron_pickaxe":466,"minecraft:stone_axe":100,"minecraft:birch_button":1,"minecraft:diamond_sword":2,"minecraft:cobblestone":12,"minecraft:furnace":9,"minecraft:cooked_porkchop":6,"minecraft:andesite":16,"minecraft:birch_log":12,"minecraft:chain":4,"minecraft:glass_pane":43},"minecraft:mined":{"minecraft:glass_pane":6,"minecraft:deepslate_diamond_ore":32,"minecraft:clay":12,"minecraft:crafting_table":1,"minecraft:granite":68,"minecraft:grass_block":106,"minecraft:cobblestone":3,"minecraft:birch_slab":72,"minecraft:deepslate_gold_ore":18,"minecraft:diorite":48,"minecraft:birch_planks":11,"minecraft:furnace":4,"minecraft:cobblestone_wall":4,"minecraft:birch_log":129,"minecraft:iron_ore":62,"minecraft:andesite":23,"minecraft:birch_leaves":24,"minecraft:birch_door":5,"minecraft:deepslate_lapis_ore":5,"minecraft:grass":3,"minecraft:coal_ore":38,"minecraft:deepslate_iron_ore":4,"minecraft:gravel":25,"minecraft:sand":58,"minecraft:dirt":69,"minecraft:stone":237,"minecraft:oak_leaves":1,"minecraft:birch_fence":22,"minecraft:deepslate":177},"minecraft:killed_by":{"minecraft:spider":1}},"DataVersion":3465}