{"stats":{"minecraft:crafted":{"minecraft:stone_shovel":1,"minecraft:iron_nugget":9,"minecraft:cooked_chicken":3,"minecraft:chain":4,"minecraft:birch_slab":402,"minecraft:furnace":5,"minecraft:diamond_shovel":1,"minecraft:glass_pane":16,"minecraft:glass":30,"minecraft:diamond_helmet":1,"minecraft:diamond_leggings":1,"minecraft:iron_boots":1,"minecraft:iron_axe":1,"minecraft:ladder":9,"minecraft:stone_pickaxe":3,"minecraft:cobblestone_wall":6,"minecraft:chest":1,"minecraft:diamond_boots":1,"minecraft:diamond_sword":1,"minecraft:cooked_porkchop":15,"minecraft:diamond_axe":1,"minecraft:crafting_table":4,"minecraft:wooden_pickaxe":1,"minecraft:iron_helmet":2,"minecraft:iron_sword":1,"minecraft:cobbled_deepslate_wall":6,"minecraft:golden_shovel":5,"minecraft:bucket":1,"minecraft:birch_planks":712,"minecraft:stone_axe":1,"minecraft:air":0,"minecraft:iron_chestplate":1,"minecraft:diamond_pickaxe":1,"minecraft:shield":1,"minecraft:birch_fence":60,"minecraft:stick":104,"minecraft:iron_ingot":60,"minecraft:iron_pickaxe":3,"minecraft:iron_leggings":1,"minecraft:iron_shovel":3,"minecraft:gold_ingot":26,"minecraft:torch":16,"minecraft:shears":1,"minecraft:diamond_chestplate":1},"minecraft:broken":{"minecraft:iron_shovel":2,"minecraft:golden_shovel":5,"minecraft:stone_pickaxe":1,"minecraft:iron_pickaxe":1},"minecraft:killed":{"minecraft:spider":4,"minecraft:skeleton":6,"minecraft:chicken":6,"minecraft:drowned":4,"minecraft:pig":7,"minecraft:bat":1,"minecraft:creeper":4,"minecraft:sheep":7,"minecraft:zombie":16,"minecraft:cow":9},"minecraft:used":{"minecraft:iron_shovel":598,"minecraft:stone_shovel":127,"minecraft:ladder":8,"minecraft:chest":1,"minecraft:shield":58,"minecraft:iron_sword":8,"minecraft:cooked_chicken":3,"minecraft:rotten_flesh":10,"minecraft:torch":17,"minecraft:dirt":959,"minecraft:cobblestone_wall":10,"minecraft:golden_shovel":160,"minecraft:granite":5,"minecraft:birch_door":4,"minecraft:iron_axe":7,"minecraft:birch_button":1,"minecraft:furnace":9,"tombstone:gift":4,"minecraft:cobbled_deepslate_wall":4,"minecraft:birch_planks":153,"minecraft:stone_pickaxe":223,"minecraft:wooden_pickaxe":20,"minecraft:diamond_axe":336,"minecraft:crafting_table":5,"minecraft:birch_fence":67,"minecraft:diamond_pickaxe":431,"minecraft:diamond_shovel":368,"minecraft:birch_slab":526,"minecraft:iron_pickaxe":466,"minecraft:brown_wool":2,"minecraft:stone_axe":100,"minecraft:diamond_sword":25,"minecraft:cobblestone":47,"minecraft:cooked_porkchop":14,"minecraft:andesite":16,"minecraft:birch_log":12,"minecraft:chain":4,"minecraft:glass_pane":45,"minecraft:diamond_leggings":1},"minecraft:mined":{"minecraft:deepslate_diamond_ore":45,"minecraft:granite":68,"minecraft:grass_block":342,"minecraft:brown_wool":1,"minecraft:birch_slab":106,"minecraft:furnace":4,"minecraft:iron_ore":91,"minecraft:andesite":42,"minecraft:deepslate_lapis_ore":5,"minecraft:deepslate_iron_ore":4,"minecraft:stone":337,"minecraft:glass_pane":6,"minecraft:clay":37,"minecraft:crafting_table":1,"mahoutsukai:mahoujin":1,"minecraft:copper_ore":2,"minecraft:cobblestone":3,"minecraft:deepslate_gold_ore":38,"minecraft:diorite":56,"minecraft:wall_torch":1,"minecraft:birch_planks":18,"minecraft:cobblestone_wall":4,"minecraft:birch_log":186,"minecraft:birch_leaves":34,"minecraft:birch_door":5,"minecraft:grass":16,"minecraft:coal_ore":92,"minecraft:gravel":25,"minecraft:sand":65,"minecraft:dirt":855,"minecraft:oak_leaves":1,"minecraft:birch_fence":22,"minecraft:deepslate":348},"minecraft:picked_up":{"minecraft:crafting_table":1,"minecraft:birch_door":4,"minecraft:chicken":6,"minecraft:clay_ball":148,"minecraft:diamond_sword":1,"minecraft:birch_button":1,"minecraft:shield":1,"minecraft:string":4,"minecraft:raw_copper":8,"minecraft:iron_shovel":1,"minecraft:birch_fence":37,"minecraft:glass_pane":41,"minecraft:diamond_leggings":1,"minecraft:cobbled_deepslate":348,"minecraft:beef":21,"minecraft:iron_pickaxe":1,"minecraft:birch_sapling":11,"minecraft:furnace":4,"minecraft:egg":1,"minecraft:stick":6,"minecraft:raw_iron":95,"minecraft:torch":12,"minecraft:porkchop":15,"tombstone:grave_dust":2,"minecraft:diorite":56,"tombstone:lollipop":1,"minecraft:diamond_chestplate":1,"minecraft:arrow":9,"minecraft:rotten_flesh":22,"minecraft:shears":1,"minecraft:diamond_boots":1,"tombstone:essence_of_undeath":2,"minecraft:mutton":11,"minecraft:white_wool":6,"minecraft:cobblestone":339,"minecraft:birch_log":191,"minecraft:feather":6,"minecraft:birch_slab":126,"minecraft:andesite":42,"minecraft:brown_wool":2,"minecraft:leather":14,"minecraft:birch_planks":25,"minecraft:flint":4,"minecraft:cobblestone_wall":4,"minecraft:gunpowder":3,"minecraft:lapis_lazuli":64,"minecraft:dirt":1185,"minecraft:glass":24,"minecraft:bone":7,"minecraft:wheat_seeds":8,"minecraft:raw_gold":38,"minecraft:diamond_helmet":1,"minecraft:iron_sword":1,"minecraft:cooked_porkchop":6,"minecraft:gravel":21,"minecraft:sand":85,"minecraft:spider_eye":2,"minecraft:diamond":45,"minecraft:granite":68,"minecraft:diamond_axe":1,"minecraft:coal":94,"minecraft:diamond_pickaxe":1},"minecraft:killed_by":{"minecraft:player":1,"minecraft:creeper":1,"minecraft:spider":1},"minecraft:custom":{"minecraft:mob_kills":64,"minecraft:interact_with_crafting_table":57,"minecraft:leave_game":8,"minecraft:time_since_death":327,"minecraft:climb_one_cm":25271,"minecraft:sprint_one_cm":234673,"minecraft:walk_one_cm":996739,"minecraft:damage_blocked_by_shield":1190,"minecraft:drop":6,"minecraft:play_time":208374,"minecraft:deaths":3,"minecraft:sneak_time":10459,"minecraft:walk_under_water_one_cm":94570,"minecraft:jump":2806,"minecraft:walk_on_water_one_cm":96935,"minecraft:total_world_time":208374,"minecraft:interact_with_furnace":74,"minecraft:sleep_in_bed":8,"minecraft:time_since_rest":151,"minecraft:damage_taken":1878,"minecraft:damage_dealt":8695,"minecraft:swim_one_cm":33904,"minecraft:fly_one_cm":186419,"minecraft:open_chest":26,"minecraft:crouch_one_cm":41279,"tombstone:undead_killed":11,"minecraft:fall_one_cm":33689},"minecraft:dropped":{"minecraft:iron_ingot":3,"minecraft:cooked_porkchop":1,"minecraft:iron_helmet":1,"minecraft:diorite":8,"minecraft:bucket":1,"minecraft:rotten_flesh":1}},"DataVersion":3465}