{"stats":{"minecraft:crafted":{"minecraft:stone_shovel":1,"minecraft:iron_nugget":9,"minecraft:cooked_chicken":3,"minecraft:chain":4,"minecraft:birch_slab":402,"minecraft:furnace":5,"minecraft:glass_pane":16,"minecraft:glass":30,"minecraft:diamond_helmet":1,"minecraft:diamond_leggings":1,"minecraft:iron_boots":1,"minecraft:iron_axe":1,"minecraft:stone_pickaxe":3,"minecraft:cobblestone_wall":6,"minecraft:diamond_boots":1,"minecraft:diamond_sword":1,"minecraft:cooked_porkchop":8,"minecraft:diamond_axe":1,"minecraft:crafting_table":4,"minecraft:wooden_pickaxe":1,"minecraft:iron_helmet":2,"minecraft:iron_sword":1,"minecraft:cobbled_deepslate_wall":6,"minecraft:bucket":1,"minecraft:birch_planks":684,"minecraft:stone_axe":1,"minecraft:air":0,"minecraft:iron_chestplate":1,"minecraft:diamond_pickaxe":1,"minecraft:shield":1,"minecraft:birch_fence":60,"minecraft:stick":60,"minecraft:iron_ingot":58,"minecraft:iron_pickaxe":3,"minecraft:iron_shovel":1,"minecraft:iron_leggings":1,"minecraft:shears":1,"minecraft:diamond_chestplate":1},"minecraft:broken":{"minecraft:stone_pickaxe":1,"minecraft:iron_pickaxe":1},"minecraft:killed":{"minecraft:spider":3,"minecraft:skeleton":4,"minecraft:chicken":6,"minecraft:drowned":3,"minecraft:pig":7,"minecraft:sheep":7,"minecraft:zombie":14,"minecraft:cow":9},"minecraft:used":{"minecraft:iron_shovel":112,"minecraft:stone_shovel":127,"minecraft:shield":56,"minecraft:iron_sword":8,"minecraft:cooked_chicken":3,"minecraft:rotten_flesh":10,"minecraft:torch":8,"minecraft:dirt":91,"minecraft:cobblestone_wall":10,"minecraft:granite":5,"minecraft:birch_door":4,"minecraft:iron_axe":7,"minecraft:birch_button":1,"minecraft:furnace":9,"minecraft:cobbled_deepslate_wall":4,"minecraft:birch_planks":139,"minecraft:stone_pickaxe":223,"minecraft:wooden_pickaxe":20,"minecraft:diamond_axe":270,"minecraft:crafting_table":5,"minecraft:birch_fence":67,"minecraft:diamond_pickaxe":15,"minecraft:birch_slab":493,"minecraft:iron_pickaxe":466,"minecraft:stone_axe":100,"minecraft:diamond_sword":15,"minecraft:cobblestone":12,"minecraft:cooked_porkchop":10,"minecraft:birch_log":12,"minecraft:andesite":16,"minecraft:chain":4,"minecraft:glass_pane":43,"minecraft:diamond_leggings":1},"minecraft:mined":{"minecraft:deepslate_diamond_ore":32,"minecraft:granite":68,"minecraft:grass_block":120,"minecraft:birch_slab":73,"minecraft:furnace":4,"minecraft:iron_ore":62,"minecraft:andesite":23,"minecraft:deepslate_lapis_ore":5,"minecraft:deepslate_iron_ore":4,"minecraft:stone":237,"minecraft:glass_pane":6,"minecraft:crafting_table":1,"minecraft:clay":12,"mahoutsukai:mahoujin":1,"minecraft:cobblestone":3,"minecraft:deepslate_gold_ore":18,"minecraft:diorite":48,"minecraft:birch_planks":11,"minecraft:cobblestone_wall":4,"minecraft:birch_log":179,"minecraft:birch_leaves":34,"minecraft:birch_door":5,"minecraft:grass":16,"minecraft:coal_ore":38,"minecraft:gravel":25,"minecraft:sand":58,"minecraft:dirt":76,"minecraft:oak_leaves":1,"minecraft:birch_fence":22,"minecraft:deepslate":177},"minecraft:picked_up":{"minecraft:birch_door":4,"minecraft:crafting_table":1,"minecraft:chicken":6,"minecraft:clay_ball":48,"minecraft:diamond_sword":1,"minecraft:birch_button":1,"minecraft:shield":1,"minecraft:string":2,"minecraft:iron_shovel":1,"minecraft:birch_fence":37,"minecraft:glass_pane":41,"minecraft:diamond_leggings":1,"minecraft:cobbled_deepslate":177,"minecraft:beef":21,"minecraft:iron_pickaxe":1,"minecraft:birch_sapling":11,"minecraft:egg":1,"minecraft:furnace":4,"minecraft:stick":6,"minecraft:raw_iron":66,"minecraft:torch":10,"minecraft:porkchop":15,"tombstone:grave_dust":2,"minecraft:diorite":48,"minecraft:diamond_chestplate":1,"minecraft:arrow":7,"minecraft:rotten_flesh":20,"minecraft:shears":1,"minecraft:diamond_boots":1,"minecraft:mutton":11,"minecraft:white_wool":6,"minecraft:cobblestone":239,"minecraft:birch_log":184,"minecraft:feather":6,"minecraft:birch_slab":93,"minecraft:andesite":23,"minecraft:brown_wool":1,"minecraft:leather":14,"minecraft:birch_planks":18,"minecraft:flint":4,"minecraft:cobblestone_wall":4,"minecraft:lapis_lazuli":64,"minecraft:dirt":217,"minecraft:glass":24,"minecraft:bone":6,"minecraft:wheat_seeds":8,"minecraft:raw_gold":18,"minecraft:diamond_helmet":1,"minecraft:iron_sword":1,"minecraft:cooked_porkchop":6,"minecraft:gravel":21,"minecraft:sand":78,"minecraft:spider_eye":2,"minecraft:diamond":32,"minecraft:diamond_axe":1,"minecraft:granite":68,"minecraft:coal":40,"minecraft:diamond_pickaxe":1},"minecraft:killed_by":{"minecraft:creeper":1,"minecraft:spider":1},"minecraft:custom":{"minecraft:mob_kills":53,"minecraft:interact_with_crafting_table":43,"minecraft:leave_game":5,"minecraft:time_since_death":19939,"minecraft:climb_one_cm":10029,"minecraft:sprint_one_cm":192964,"minecraft:walk_one_cm":659829,"minecraft:damage_blocked_by_shield":1135,"minecraft:drop":5,"minecraft:play_time":148978,"minecraft:deaths":2,"minecraft:sneak_time":9607,"minecraft:walk_under_water_one_cm":17354,"minecraft:jump":1958,"minecraft:walk_on_water_one_cm":51890,"minecraft:total_world_time":148978,"minecraft:interact_with_furnace":56,"minecraft:sleep_in_bed":2,"minecraft:time_since_rest":2749,"minecraft:damage_taken":1449,"minecraft:damage_dealt":6750,"minecraft:swim_one_cm":20581,"minecraft:fly_one_cm":155818,"minecraft:open_chest":14,"minecraft:crouch_one_cm":38512,"tombstone:undead_killed":6,"minecraft:fall_one_cm":26045},"minecraft:dropped":{"minecraft:iron_ingot":3,"minecraft:cooked_porkchop":1,"minecraft:iron_helmet":1,"minecraft:bucket":1,"minecraft:rotten_flesh":1}},"DataVersion":3465}