{"stats":{"minecraft:dropped":{"minecraft:iron_ingot":3,"minecraft:iron_helmet":1,"minecraft:rotten_flesh":1},"minecraft:custom":{"minecraft:interact_with_furnace":44,"minecraft:mob_kills":14,"minecraft:interact_with_crafting_table":23,"minecraft:leave_game":1,"minecraft:time_since_death":75329,"minecraft:sleep_in_bed":1,"minecraft:climb_one_cm":1433,"minecraft:time_since_rest":21530,"minecraft:sprint_one_cm":39667,"minecraft:damage_taken":609,"minecraft:walk_one_cm":373469,"minecraft:damage_blocked_by_shield":400,"minecraft:drop":3,"minecraft:damage_dealt":1796,"minecraft:swim_one_cm":4031,"minecraft:fly_one_cm":28149,"minecraft:open_chest":3,"minecraft:crouch_one_cm":7986,"minecraft:play_time":79144,"minecraft:deaths":1,"minecraft:sneak_time":2507,"minecraft:walk_under_water_one_cm":4475,"minecraft:jump":1026,"minecraft:walk_on_water_one_cm":12108,"minecraft:total_world_time":79144,"minecraft:fall_one_cm":7314},"minecraft:picked_up":{"minecraft:birch_log":71,"minecraft:birch_door":4,"minecraft:crafting_table":1,"minecraft:feather":4,"minecraft:chicken":3,"minecraft:clay_ball":48,"minecraft:birch_slab":24,"minecraft:andesite":8,"minecraft:birch_planks":2,"minecraft:birch_button":1,"minecraft:flint":4,"minecraft:cobblestone_wall":4,"minecraft:lapis_lazuli":32,"minecraft:dirt":137,"minecraft:wheat_seeds":1,"minecraft:cobbled_deepslate":177,"minecraft:raw_gold":18,"minecraft:birch_sapling":6,"minecraft:furnace":4,"minecraft:stick":3,"minecraft:raw_iron":66,"minecraft:cooked_porkchop":3,"minecraft:torch":8,"minecraft:gravel":19,"minecraft:porkchop":8,"minecraft:diorite":48,"minecraft:rotten_flesh":10,"minecraft:diamond":32,"minecraft:granite":68,"minecraft:coal":40,"minecraft:cobblestone":237},"minecraft:killed":{"minecraft:pig":3,"minecraft:zombie":8,"minecraft:chicken":3},"minecraft:crafted":{"minecraft:stone_shovel":1,"minecraft:cooked_porkchop":8,"minecraft:iron_nugget":9,"minecraft:crafting_table":4,"minecraft:iron_helmet":2,"minecraft:wooden_pickaxe":1,"minecraft:cooked_chicken":3,"minecraft:chain":4,"minecraft:iron_sword":1,"minecraft:birch_slab":72,"minecraft:furnace":5,"minecraft:cobbled_deepslate_wall":6,"minecraft:bucket":1,"minecraft:birch_planks":248,"minecraft:stone_axe":1,"minecraft:air":0,"minecraft:diamond_helmet":1,"minecraft:diamond_leggings":1,"minecraft:iron_boots":1,"minecraft:iron_chestplate":1,"minecraft:diamond_pickaxe":1,"minecraft:shield":1,"minecraft:iron_axe":1,"minecraft:stick":24,"minecraft:iron_ingot":58,"minecraft:iron_pickaxe":3,"minecraft:stone_pickaxe":3,"minecraft:cobblestone_wall":6,"minecraft:diamond_boots":1,"minecraft:iron_shovel":1,"minecraft:iron_leggings":1,"minecraft:shears":1,"minecraft:diamond_chestplate":1},"minecraft:broken":{"minecraft:stone_pickaxe":1,"minecraft:iron_pickaxe":1},"minecraft:used":{"minecraft:cobbled_deepslate_wall":4,"minecraft:birch_planks":132,"minecraft:stone_pickaxe":223,"minecraft:stone_shovel":127,"minecraft:shield":25,"minecraft:wooden_pickaxe":20,"minecraft:iron_sword":8,"minecraft:cooked_chicken":3,"minecraft:rotten_flesh":6,"minecraft:torch":8,"minecraft:dirt":58,"minecraft:crafting_table":5,"minecraft:cobblestone_wall":6,"minecraft:granite":5,"minecraft:birch_door":4,"minecraft:iron_axe":7,"minecraft:birch_slab":95,"minecraft:iron_pickaxe":466,"minecraft:stone_axe":100,"minecraft:birch_button":1,"minecraft:cobblestone":12,"minecraft:furnace":9,"minecraft:andesite":1,"minecraft:birch_log":9,"minecraft:chain":4},"minecraft:mined":{"minecraft:deepslate_diamond_ore":32,"minecraft:clay":12,"minecraft:crafting_table":1,"minecraft:granite":68,"minecraft:grass_block":78,"minecraft:cobblestone":3,"minecraft:birch_slab":20,"minecraft:deepslate_gold_ore":18,"minecraft:diorite":48,"minecraft:birch_planks":2,"minecraft:furnace":4,"minecraft:cobblestone_wall":4,"minecraft:birch_log":68,"minecraft:iron_ore":62,"minecraft:andesite":8,"minecraft:birch_leaves":21,"minecraft:birch_door":5,"minecraft:deepslate_lapis_ore":5,"minecraft:grass":1,"minecraft:coal_ore":38,"minecraft:deepslate_iron_ore":4,"minecraft:gravel":23,"minecraft:dirt":59,"minecraft:stone":237,"minecraft:oak_leaves":1,"minecraft:deepslate":177},"minecraft:killed_by":{"minecraft:spider":1}},"DataVersion":3465}