{"stats":{"minecraft:crafted":{"minecraft:stone_shovel":1,"minecraft:iron_nugget":9,"minecraft:cooked_chicken":3,"minecraft:chain":4,"minecraft:birch_slab":402,"minecraft:furnace":5,"minecraft:glass_pane":16,"minecraft:glass":30,"minecraft:diamond_helmet":1,"minecraft:diamond_leggings":1,"minecraft:iron_boots":1,"minecraft:iron_axe":1,"minecraft:ladder":9,"minecraft:stone_pickaxe":3,"minecraft:cobblestone_wall":6,"minecraft:diamond_boots":1,"minecraft:diamond_sword":1,"minecraft:cooked_porkchop":15,"minecraft:diamond_axe":1,"minecraft:crafting_table":4,"minecraft:wooden_pickaxe":1,"minecraft:iron_helmet":2,"minecraft:iron_sword":1,"minecraft:cobbled_deepslate_wall":6,"minecraft:golden_shovel":5,"minecraft:bucket":1,"minecraft:birch_planks":684,"minecraft:stone_axe":1,"minecraft:air":0,"minecraft:iron_chestplate":1,"minecraft:diamond_pickaxe":1,"minecraft:shield":1,"minecraft:birch_fence":60,"minecraft:stick":96,"minecraft:iron_ingot":60,"minecraft:iron_pickaxe":3,"minecraft:gold_ingot":26,"minecraft:iron_shovel":3,"minecraft:iron_leggings":1,"minecraft:shears":1,"minecraft:diamond_chestplate":1},"minecraft:custom":{"minecraft:mob_kills":56,"minecraft:interact_with_crafting_table":54,"minecraft:leave_game":5,"minecraft:time_since_death":53389,"minecraft:climb_one_cm":16981,"minecraft:sprint_one_cm":214143,"minecraft:walk_one_cm":843474,"minecraft:damage_blocked_by_shield":1135,"minecraft:drop":5,"minecraft:play_time":182428,"minecraft:deaths":2,"minecraft:sneak_time":9948,"minecraft:walk_under_water_one_cm":61109,"minecraft:jump":2460,"minecraft:walk_on_water_one_cm":79365,"minecraft:total_world_time":182428,"minecraft:interact_with_furnace":67,"minecraft:sleep_in_bed":6,"minecraft:time_since_rest":625,"minecraft:damage_taken":1499,"minecraft:damage_dealt":7350,"minecraft:swim_one_cm":25650,"minecraft:fly_one_cm":172945,"minecraft:open_chest":16,"minecraft:crouch_one_cm":40191,"tombstone:undead_killed":6,"minecraft:fall_one_cm":29472},"minecraft:mined":{"minecraft:deepslate_diamond_ore":32,"minecraft:granite":68,"minecraft:grass_block":273,"minecraft:brown_wool":1,"minecraft:birch_slab":79,"minecraft:furnace":4,"minecraft:iron_ore":64,"minecraft:andesite":23,"minecraft:deepslate_lapis_ore":5,"minecraft:deepslate_iron_ore":4,"minecraft:stone":271,"minecraft:glass_pane":6,"minecraft:crafting_table":1,"minecraft:clay":34,"minecraft:copper_ore":2,"mahoutsukai:mahoujin":1,"minecraft:cobblestone":3,"minecraft:deepslate_gold_ore":38,"minecraft:diorite":48,"minecraft:wall_torch":1,"minecraft:birch_planks":16,"minecraft:cobblestone_wall":4,"minecraft:birch_log":179,"minecraft:birch_leaves":34,"minecraft:birch_door":5,"minecraft:grass":16,"minecraft:coal_ore":90,"minecraft:gravel":25,"minecraft:sand":59,"minecraft:dirt":500,"minecraft:oak_leaves":1,"minecraft:birch_fence":22,"minecraft:deepslate":212},"minecraft:killed_by":{"minecraft:creeper":1,"minecraft:spider":1},"minecraft:used":{"minecraft:iron_shovel":538,"minecraft:stone_shovel":127,"minecraft:ladder":8,"minecraft:shield":56,"minecraft:iron_sword":8,"minecraft:cooked_chicken":3,"minecraft:rotten_flesh":10,"minecraft:torch":11,"minecraft:dirt":618,"minecraft:cobblestone_wall":10,"minecraft:golden_shovel":160,"minecraft:granite":5,"minecraft:birch_door":4,"minecraft:iron_axe":7,"minecraft:birch_button":1,"minecraft:furnace":9,"minecraft:cobbled_deepslate_wall":4,"minecraft:birch_planks":148,"minecraft:stone_pickaxe":223,"minecraft:wooden_pickaxe":20,"minecraft:diamond_axe":285,"minecraft:crafting_table":5,"minecraft:birch_fence":67,"minecraft:diamond_pickaxe":160,"minecraft:birch_slab":498,"minecraft:brown_wool":2,"minecraft:iron_pickaxe":466,"minecraft:stone_axe":100,"minecraft:diamond_sword":19,"minecraft:cobblestone":16,"minecraft:cooked_porkchop":12,"minecraft:birch_log":12,"minecraft:andesite":16,"minecraft:chain":4,"minecraft:glass_pane":43,"minecraft:diamond_leggings":1},"minecraft:broken":{"minecraft:iron_shovel":2,"minecraft:golden_shovel":5,"minecraft:stone_pickaxe":1,"minecraft:iron_pickaxe":1},"minecraft:picked_up":{"minecraft:birch_door":4,"minecraft:crafting_table":1,"minecraft:chicken":6,"minecraft:clay_ball":136,"minecraft:diamond_sword":1,"minecraft:birch_button":1,"minecraft:shield":1,"minecraft:raw_copper":8,"minecraft:string":2,"minecraft:iron_shovel":1,"minecraft:birch_fence":37,"minecraft:glass_pane":41,"minecraft:diamond_leggings":1,"minecraft:cobbled_deepslate":212,"minecraft:beef":21,"minecraft:iron_pickaxe":1,"minecraft:birch_sapling":11,"minecraft:egg":1,"minecraft:furnace":4,"minecraft:stick":6,"minecraft:raw_iron":68,"minecraft:torch":12,"minecraft:porkchop":15,"tombstone:grave_dust":2,"minecraft:diorite":48,"minecraft:diamond_chestplate":1,"minecraft:arrow":7,"minecraft:rotten_flesh":20,"minecraft:shears":1,"minecraft:diamond_boots":1,"minecraft:mutton":11,"minecraft:white_wool":6,"minecraft:cobblestone":273,"minecraft:birch_log":184,"minecraft:feather":6,"minecraft:birch_slab":99,"minecraft:andesite":23,"minecraft:brown_wool":2,"minecraft:leather":14,"minecraft:birch_planks":23,"minecraft:flint":4,"minecraft:gunpowder":2,"minecraft:cobblestone_wall":4,"minecraft:lapis_lazuli":64,"minecraft:dirt":783,"minecraft:glass":24,"minecraft:bone":6,"minecraft:wheat_seeds":8,"minecraft:raw_gold":38,"minecraft:diamond_helmet":1,"minecraft:iron_sword":1,"minecraft:cooked_porkchop":6,"minecraft:gravel":21,"minecraft:sand":79,"minecraft:spider_eye":2,"minecraft:diamond":32,"minecraft:diamond_axe":1,"minecraft:granite":68,"minecraft:coal":92,"minecraft:diamond_pickaxe":1},"minecraft:killed":{"minecraft:spider":3,"minecraft:skeleton":4,"minecraft:chicken":6,"minecraft:drowned":3,"minecraft:pig":7,"minecraft:creeper":3,"minecraft:sheep":7,"minecraft:zombie":14,"minecraft:cow":9},"minecraft:dropped":{"minecraft:iron_ingot":3,"minecraft:cooked_porkchop":1,"minecraft:iron_helmet":1,"minecraft:bucket":1,"minecraft:rotten_flesh":1}},"DataVersion":3465}