{"stats":{"minecraft:dropped":{"minecraft:rotten_flesh":1},"minecraft:picked_up":{"minecraft:birch_log":65,"minecraft:crafting_table":1,"minecraft:stick":3,"minecraft:birch_door":4,"minecraft:feather":4,"minecraft:chicken":3,"minecraft:cooked_porkchop":3,"minecraft:clay_ball":8,"minecraft:birch_slab":8,"minecraft:birch_planks":2,"minecraft:gravel":11,"minecraft:porkchop":8,"minecraft:birch_button":1,"minecraft:flint":2,"minecraft:dirt":25,"minecraft:rotten_flesh":7,"minecraft:wheat_seeds":1,"minecraft:birch_sapling":6,"minecraft:coal":4,"minecraft:cobblestone":43},"minecraft:custom":{"minecraft:time_since_rest":27358,"minecraft:interact_with_furnace":7,"minecraft:sprint_one_cm":37017,"minecraft:damage_taken":545,"minecraft:walk_one_cm":158129,"minecraft:mob_kills":12,"minecraft:drop":1,"minecraft:damage_dealt":1415,"minecraft:interact_with_crafting_table":6,"minecraft:swim_one_cm":4031,"minecraft:fly_one_cm":27194,"minecraft:crouch_one_cm":5548,"minecraft:play_time":31144,"minecraft:deaths":1,"minecraft:sneak_time":1337,"minecraft:walk_under_water_one_cm":2144,"minecraft:jump":393,"minecraft:leave_game":1,"minecraft:time_since_death":27329,"minecraft:walk_on_water_one_cm":7789,"minecraft:total_world_time":31144,"minecraft:fall_one_cm":6298},"minecraft:killed":{"minecraft:pig":3,"minecraft:zombie":6,"minecraft:chicken":3},"minecraft:crafted":{"minecraft:stone_shovel":1,"minecraft:crafting_table":4,"minecraft:stick":16,"minecraft:wooden_pickaxe":1,"minecraft:cooked_chicken":3,"minecraft:stone_pickaxe":1,"minecraft:birch_slab":66,"minecraft:furnace":1,"minecraft:birch_planks":224,"minecraft:stone_axe":1,"minecraft:air":0},"minecraft:used":{"minecraft:birch_door":4,"minecraft:birch_slab":70,"minecraft:birch_planks":130,"minecraft:stone_shovel":13,"minecraft:stone_pickaxe":28,"minecraft:wooden_pickaxe":20,"minecraft:cooked_chicken":3,"minecraft:rotten_flesh":6,"minecraft:stone_axe":85,"minecraft:birch_button":1,"minecraft:dirt":12,"minecraft:cobblestone":12,"minecraft:crafting_table":5,"minecraft:furnace":1,"minecraft:birch_log":9},"minecraft:mined":{"minecraft:birch_planks":2,"minecraft:birch_log":62,"minecraft:birch_leaves":20,"minecraft:birch_door":5,"minecraft:crafting_table":1,"minecraft:clay":2,"minecraft:coal_ore":2,"minecraft:grass_block":8,"minecraft:gravel":13,"minecraft:dirt":17,"minecraft:cobblestone":3,"minecraft:birch_slab":5,"minecraft:stone":43,"minecraft:oak_leaves":1},"minecraft:killed_by":{"minecraft:spider":1}},"DataVersion":3465}