{"stats":{"minecraft:dropped":{"minecraft:rotten_flesh":1},"minecraft:custom":{"minecraft:interact_with_furnace":7,"minecraft:mob_kills":12,"minecraft:interact_with_crafting_table":9,"minecraft:leave_game":1,"minecraft:time_since_death":39329,"minecraft:time_since_rest":39358,"minecraft:sprint_one_cm":37814,"minecraft:damage_taken":545,"minecraft:walk_one_cm":221849,"minecraft:drop":1,"minecraft:damage_dealt":1415,"minecraft:swim_one_cm":4031,"minecraft:fly_one_cm":27194,"minecraft:crouch_one_cm":6134,"minecraft:play_time":43144,"minecraft:deaths":1,"minecraft:sneak_time":1545,"minecraft:walk_under_water_one_cm":4475,"minecraft:jump":523,"minecraft:walk_on_water_one_cm":12108,"minecraft:total_world_time":43144,"minecraft:fall_one_cm":6567},"minecraft:picked_up":{"minecraft:birch_log":65,"minecraft:birch_door":4,"minecraft:crafting_table":1,"minecraft:feather":4,"minecraft:chicken":3,"minecraft:clay_ball":48,"minecraft:birch_slab":24,"minecraft:birch_planks":2,"minecraft:birch_button":1,"minecraft:flint":2,"minecraft:dirt":137,"minecraft:wheat_seeds":1,"minecraft:birch_sapling":6,"minecraft:furnace":4,"minecraft:stick":3,"minecraft:raw_iron":8,"minecraft:cooked_porkchop":3,"minecraft:torch":8,"minecraft:gravel":11,"minecraft:porkchop":8,"minecraft:rotten_flesh":7,"minecraft:granite":19,"minecraft:coal":4,"minecraft:cobblestone":114},"minecraft:killed":{"minecraft:pig":3,"minecraft:zombie":6,"minecraft:chicken":3},"minecraft:crafted":{"minecraft:stone_shovel":1,"minecraft:crafting_table":4,"minecraft:wooden_pickaxe":1,"minecraft:cooked_chicken":3,"minecraft:birch_slab":72,"minecraft:furnace":5,"minecraft:birch_planks":224,"minecraft:stone_axe":1,"minecraft:air":0,"minecraft:stick":24,"minecraft:stone_pickaxe":3},"minecraft:broken":{"minecraft:stone_pickaxe":1},"minecraft:used":{"minecraft:birch_planks":132,"minecraft:stone_pickaxe":131,"minecraft:stone_shovel":127,"minecraft:wooden_pickaxe":20,"minecraft:cooked_chicken":3,"minecraft:rotten_flesh":6,"minecraft:torch":5,"minecraft:dirt":58,"minecraft:crafting_table":5,"minecraft:birch_door":4,"minecraft:birch_slab":95,"minecraft:stone_axe":100,"minecraft:birch_button":1,"minecraft:cobblestone":12,"minecraft:furnace":9,"minecraft:birch_log":9},"minecraft:mined":{"minecraft:clay":12,"minecraft:crafting_table":1,"minecraft:granite":19,"minecraft:grass_block":78,"minecraft:cobblestone":3,"minecraft:birch_slab":20,"minecraft:birch_planks":2,"minecraft:furnace":4,"minecraft:birch_log":62,"minecraft:iron_ore":8,"minecraft:birch_leaves":20,"minecraft:birch_door":5,"minecraft:grass":1,"minecraft:coal_ore":2,"minecraft:gravel":13,"minecraft:dirt":59,"minecraft:stone":114,"minecraft:oak_leaves":1},"minecraft:killed_by":{"minecraft:spider":1}},"DataVersion":3465}