{"stats":{"minecraft:dropped":{"minecraft:rotten_flesh":1},"minecraft:picked_up":{"minecraft:birch_log":21,"minecraft:feather":4,"minecraft:chicken":3,"minecraft:gravel":11,"minecraft:porkchop":8,"minecraft:birch_button":1,"minecraft:flint":2,"minecraft:dirt":12,"minecraft:rotten_flesh":7,"minecraft:wheat_seeds":1,"minecraft:coal":4,"minecraft:cobblestone":39},"minecraft:custom":{"minecraft:time_since_rest":15358,"minecraft:interact_with_furnace":7,"minecraft:sprint_one_cm":36956,"minecraft:damage_taken":545,"minecraft:walk_one_cm":96105,"minecraft:mob_kills":12,"minecraft:drop":1,"minecraft:damage_dealt":1415,"minecraft:interact_with_crafting_table":3,"minecraft:swim_one_cm":4031,"minecraft:fly_one_cm":27168,"minecraft:crouch_one_cm":1410,"minecraft:play_time":19144,"minecraft:deaths":1,"minecraft:sneak_time":252,"minecraft:walk_under_water_one_cm":2144,"minecraft:jump":322,"minecraft:leave_game":1,"minecraft:time_since_death":15329,"minecraft:walk_on_water_one_cm":2349,"minecraft:total_world_time":19144,"minecraft:fall_one_cm":6029},"minecraft:killed":{"minecraft:pig":3,"minecraft:zombie":6,"minecraft:chicken":3},"minecraft:crafted":{"minecraft:stone_shovel":1,"minecraft:crafting_table":3,"minecraft:stick":16,"minecraft:wooden_pickaxe":1,"minecraft:cooked_chicken":3,"minecraft:stone_pickaxe":1,"minecraft:furnace":1,"minecraft:birch_planks":24,"minecraft:stone_axe":1,"minecraft:air":0},"minecraft:used":{"minecraft:stone_shovel":13,"minecraft:stone_pickaxe":24,"minecraft:wooden_pickaxe":20,"minecraft:cooked_chicken":3,"minecraft:rotten_flesh":6,"minecraft:stone_axe":30,"minecraft:birch_button":1,"minecraft:dirt":12,"minecraft:cobblestone":7,"minecraft:crafting_table":3,"minecraft:furnace":1,"minecraft:birch_log":3},"minecraft:mined":{"minecraft:birch_log":20,"minecraft:birch_leaves":1,"minecraft:coal_ore":2,"minecraft:grass_block":5,"minecraft:gravel":13,"minecraft:dirt":7,"minecraft:stone":42,"minecraft:oak_leaves":1},"minecraft:killed_by":{"minecraft:spider":1}},"DataVersion":3465}