{"stats":{"minecraft:dropped":{"minecraft:iron_helmet":1,"minecraft:rotten_flesh":1},"minecraft:custom":{"minecraft:interact_with_furnace":41,"minecraft:mob_kills":12,"minecraft:interact_with_crafting_table":20,"minecraft:leave_game":1,"minecraft:time_since_death":63329,"minecraft:sleep_in_bed":1,"minecraft:climb_one_cm":1433,"minecraft:time_since_rest":9530,"minecraft:sprint_one_cm":39285,"minecraft:damage_taken":565,"minecraft:walk_one_cm":319462,"minecraft:drop":2,"minecraft:damage_dealt":1425,"minecraft:swim_one_cm":4031,"minecraft:fly_one_cm":27426,"minecraft:open_chest":2,"minecraft:crouch_one_cm":6879,"minecraft:play_time":67144,"minecraft:deaths":1,"minecraft:sneak_time":1947,"minecraft:walk_under_water_one_cm":4475,"minecraft:jump":824,"minecraft:walk_on_water_one_cm":12108,"minecraft:total_world_time":67144,"minecraft:fall_one_cm":7314},"minecraft:picked_up":{"minecraft:birch_log":71,"minecraft:birch_door":4,"minecraft:crafting_table":1,"minecraft:feather":4,"minecraft:chicken":3,"minecraft:clay_ball":48,"minecraft:birch_slab":24,"minecraft:andesite":8,"minecraft:birch_planks":2,"minecraft:birch_button":1,"minecraft:flint":4,"minecraft:dirt":137,"minecraft:wheat_seeds":1,"minecraft:cobbled_deepslate":48,"minecraft:birch_sapling":6,"minecraft:furnace":4,"minecraft:stick":3,"minecraft:raw_iron":66,"minecraft:cooked_porkchop":3,"minecraft:torch":8,"minecraft:gravel":19,"minecraft:porkchop":8,"minecraft:diorite":41,"minecraft:rotten_flesh":7,"minecraft:granite":67,"minecraft:coal":22,"minecraft:cobblestone":235},"minecraft:killed":{"minecraft:pig":3,"minecraft:zombie":6,"minecraft:chicken":3},"minecraft:crafted":{"minecraft:stone_shovel":1,"minecraft:cooked_porkchop":8,"minecraft:iron_nugget":9,"minecraft:crafting_table":4,"minecraft:iron_helmet":2,"minecraft:wooden_pickaxe":1,"minecraft:cooked_chicken":3,"minecraft:chain":4,"minecraft:iron_sword":1,"minecraft:birch_slab":72,"minecraft:furnace":5,"minecraft:bucket":1,"minecraft:birch_planks":248,"minecraft:stone_axe":1,"minecraft:air":0,"minecraft:iron_boots":1,"minecraft:iron_chestplate":1,"minecraft:shield":1,"minecraft:iron_axe":1,"minecraft:stick":24,"minecraft:iron_ingot":58,"minecraft:iron_pickaxe":3,"minecraft:stone_pickaxe":3,"minecraft:cobblestone_wall":6,"minecraft:iron_shovel":1,"minecraft:iron_leggings":1,"minecraft:shears":1},"minecraft:broken":{"minecraft:stone_pickaxe":1,"minecraft:iron_pickaxe":1},"minecraft:used":{"minecraft:birch_planks":132,"minecraft:stone_pickaxe":223,"minecraft:stone_shovel":127,"minecraft:wooden_pickaxe":20,"minecraft:cooked_chicken":3,"minecraft:rotten_flesh":6,"minecraft:torch":8,"minecraft:dirt":58,"minecraft:crafting_table":5,"minecraft:cobblestone_wall":3,"minecraft:birch_door":4,"minecraft:iron_axe":7,"minecraft:birch_slab":95,"minecraft:iron_pickaxe":250,"minecraft:stone_axe":100,"minecraft:birch_button":1,"minecraft:cobblestone":12,"minecraft:furnace":9,"minecraft:andesite":1,"minecraft:birch_log":9,"minecraft:chain":4},"minecraft:mined":{"minecraft:clay":12,"minecraft:crafting_table":1,"minecraft:granite":67,"minecraft:grass_block":78,"minecraft:cobblestone":3,"minecraft:birch_slab":20,"minecraft:diorite":41,"minecraft:birch_planks":2,"minecraft:furnace":4,"minecraft:birch_log":68,"minecraft:iron_ore":62,"minecraft:andesite":8,"minecraft:birch_leaves":21,"minecraft:birch_door":5,"minecraft:grass":1,"minecraft:coal_ore":20,"minecraft:deepslate_iron_ore":4,"minecraft:gravel":23,"minecraft:dirt":59,"minecraft:stone":235,"minecraft:oak_leaves":1,"minecraft:deepslate":48},"minecraft:killed_by":{"minecraft:spider":1}},"DataVersion":3465}