{"stats":{"minecraft:picked_up":{"minecraft:birch_door":4,"minecraft:crafting_table":1,"minecraft:chicken":6,"minecraft:clay_ball":136,"minecraft:diamond_sword":1,"minecraft:birch_button":1,"minecraft:shield":1,"minecraft:string":4,"minecraft:raw_copper":8,"minecraft:iron_shovel":1,"minecraft:birch_fence":37,"minecraft:glass_pane":41,"minecraft:diamond_leggings":1,"minecraft:cobbled_deepslate":348,"minecraft:beef":21,"minecraft:iron_pickaxe":1,"minecraft:birch_sapling":11,"minecraft:furnace":4,"minecraft:egg":1,"minecraft:stick":6,"minecraft:raw_iron":95,"minecraft:torch":12,"minecraft:porkchop":15,"tombstone:grave_dust":2,"minecraft:diorite":56,"minecraft:diamond_chestplate":1,"minecraft:arrow":9,"minecraft:rotten_flesh":22,"minecraft:shears":1,"minecraft:diamond_boots":1,"tombstone:essence_of_undeath":1,"minecraft:mutton":11,"minecraft:white_wool":6,"minecraft:cobblestone":339,"minecraft:birch_log":184,"minecraft:feather":6,"minecraft:birch_slab":99,"minecraft:andesite":42,"minecraft:brown_wool":2,"minecraft:leather":14,"minecraft:birch_planks":23,"minecraft:flint":4,"minecraft:cobblestone_wall":4,"minecraft:gunpowder":2,"minecraft:lapis_lazuli":64,"minecraft:dirt":982,"minecraft:glass":24,"minecraft:bone":7,"minecraft:wheat_seeds":8,"minecraft:raw_gold":38,"minecraft:diamond_helmet":1,"minecraft:iron_sword":1,"minecraft:cooked_porkchop":6,"minecraft:gravel":21,"minecraft:sand":79,"minecraft:spider_eye":2,"minecraft:diamond":45,"minecraft:granite":68,"minecraft:diamond_axe":1,"minecraft:coal":94,"minecraft:diamond_pickaxe":1},"minecraft:killed_by":{"minecraft:creeper":1,"minecraft:spider":1},"minecraft:custom":{"minecraft:mob_kills":62,"minecraft:interact_with_crafting_table":56,"minecraft:leave_game":7,"minecraft:time_since_death":69475,"minecraft:climb_one_cm":20276,"minecraft:sprint_one_cm":226382,"minecraft:walk_one_cm":925024,"minecraft:damage_blocked_by_shield":1190,"minecraft:drop":5,"minecraft:play_time":198514,"minecraft:deaths":2,"minecraft:sneak_time":10418,"minecraft:walk_under_water_one_cm":82364,"minecraft:jump":2692,"minecraft:walk_on_water_one_cm":86824,"minecraft:total_world_time":198514,"minecraft:interact_with_furnace":74,"minecraft:sleep_in_bed":8,"minecraft:time_since_rest":2845,"minecraft:damage_taken":1638,"minecraft:damage_dealt":8371,"minecraft:swim_one_cm":33212,"minecraft:fly_one_cm":180248,"minecraft:open_chest":19,"minecraft:crouch_one_cm":41182,"tombstone:undead_killed":10,"minecraft:fall_one_cm":30505},"minecraft:mined":{"minecraft:deepslate_diamond_ore":45,"minecraft:granite":68,"minecraft:grass_block":320,"minecraft:brown_wool":1,"minecraft:birch_slab":79,"minecraft:furnace":4,"minecraft:iron_ore":91,"minecraft:andesite":42,"minecraft:deepslate_lapis_ore":5,"minecraft:deepslate_iron_ore":4,"minecraft:stone":337,"minecraft:glass_pane":6,"minecraft:clay":34,"minecraft:crafting_table":1,"mahoutsukai:mahoujin":1,"minecraft:copper_ore":2,"minecraft:cobblestone":3,"minecraft:deepslate_gold_ore":38,"minecraft:diorite":56,"minecraft:wall_torch":1,"minecraft:birch_planks":16,"minecraft:cobblestone_wall":4,"minecraft:birch_log":179,"minecraft:birch_leaves":34,"minecraft:birch_door":5,"minecraft:grass":16,"minecraft:coal_ore":92,"minecraft:gravel":25,"minecraft:sand":59,"minecraft:dirt":677,"minecraft:oak_leaves":1,"minecraft:birch_fence":22,"minecraft:deepslate":348},"minecraft:dropped":{"minecraft:iron_ingot":3,"minecraft:cooked_porkchop":1,"minecraft:iron_helmet":1,"minecraft:bucket":1,"minecraft:rotten_flesh":1},"minecraft:crafted":{"minecraft:stone_shovel":1,"minecraft:iron_nugget":9,"minecraft:cooked_chicken":3,"minecraft:chain":4,"minecraft:birch_slab":402,"minecraft:furnace":5,"minecraft:diamond_shovel":1,"minecraft:glass_pane":16,"minecraft:glass":30,"minecraft:diamond_helmet":1,"minecraft:diamond_leggings":1,"minecraft:iron_boots":1,"minecraft:iron_axe":1,"minecraft:ladder":9,"minecraft:stone_pickaxe":3,"minecraft:cobblestone_wall":6,"minecraft:diamond_boots":1,"minecraft:diamond_sword":1,"minecraft:cooked_porkchop":15,"minecraft:diamond_axe":1,"minecraft:crafting_table":4,"minecraft:wooden_pickaxe":1,"minecraft:iron_helmet":2,"minecraft:iron_sword":1,"minecraft:cobbled_deepslate_wall":6,"minecraft:golden_shovel":5,"minecraft:bucket":1,"minecraft:birch_planks":684,"minecraft:stone_axe":1,"minecraft:air":0,"minecraft:iron_chestplate":1,"minecraft:diamond_pickaxe":1,"minecraft:shield":1,"minecraft:birch_fence":60,"minecraft:stick":104,"minecraft:iron_ingot":60,"minecraft:iron_pickaxe":3,"minecraft:iron_leggings":1,"minecraft:iron_shovel":3,"minecraft:gold_ingot":26,"minecraft:torch":16,"minecraft:shears":1,"minecraft:diamond_chestplate":1},"minecraft:broken":{"minecraft:iron_shovel":2,"minecraft:golden_shovel":5,"minecraft:stone_pickaxe":1,"minecraft:iron_pickaxe":1},"minecraft:used":{"minecraft:iron_shovel":544,"minecraft:stone_shovel":127,"minecraft:ladder":8,"minecraft:shield":58,"minecraft:iron_sword":8,"minecraft:cooked_chicken":3,"minecraft:rotten_flesh":10,"minecraft:torch":17,"minecraft:dirt":775,"minecraft:cobblestone_wall":10,"minecraft:golden_shovel":160,"minecraft:granite":5,"minecraft:birch_door":4,"minecraft:iron_axe":7,"minecraft:birch_button":1,"minecraft:furnace":9,"tombstone:gift":2,"minecraft:cobbled_deepslate_wall":4,"minecraft:birch_planks":148,"minecraft:stone_pickaxe":223,"minecraft:wooden_pickaxe":20,"minecraft:diamond_axe":298,"minecraft:crafting_table":5,"minecraft:birch_fence":67,"minecraft:diamond_pickaxe":431,"minecraft:diamond_shovel":218,"minecraft:birch_slab":498,"minecraft:iron_pickaxe":466,"minecraft:brown_wool":2,"minecraft:stone_axe":100,"minecraft:diamond_sword":22,"minecraft:cobblestone":47,"minecraft:cooked_porkchop":14,"minecraft:andesite":16,"minecraft:birch_log":12,"minecraft:chain":4,"minecraft:glass_pane":45,"minecraft:diamond_leggings":1},"minecraft:killed":{"minecraft:spider":4,"minecraft:skeleton":6,"minecraft:chicken":6,"minecraft:drowned":4,"minecraft:pig":7,"minecraft:bat":1,"minecraft:creeper":3,"minecraft:sheep":7,"minecraft:zombie":15,"minecraft:cow":9}},"DataVersion":3465}