{"stats":{"minecraft:custom":{"minecraft:time_since_rest":4251,"minecraft:crouch_one_cm":521,"minecraft:play_time":4251,"minecraft:sprint_one_cm":1296,"minecraft:damage_taken":110,"minecraft:walk_one_cm":9610,"minecraft:sneak_time":384,"minecraft:jump":43,"minecraft:leave_game":1,"minecraft:time_since_death":4251,"minecraft:total_world_time":4251,"minecraft:interact_with_crafting_table":3,"minecraft:fall_one_cm":1291,"minecraft:fly_one_cm":1179},"minecraft:picked_up":{"minecraft:birch_log":3,"minecraft:raw_iron":10,"minecraft:crafting_table":1,"minecraft:andesite":11,"minecraft:birch_button":1,"minecraft:dirt":18,"minecraft:cobblestone":20},"minecraft:crafted":{"minecraft:wooden_shovel":1,"minecraft:birch_planks":12,"minecraft:stick":8,"minecraft:stone_pickaxe":1,"minecraft:wooden_pickaxe":1},"minecraft:used":{"minecraft:crafting_table":1,"minecraft:stone_pickaxe":36,"minecraft:wooden_pickaxe":7},"minecraft:mined":{"minecraft:grass":1,"minecraft:iron_ore":10,"minecraft:birch_log":2,"minecraft:andesite":11,"minecraft:stone":22,"minecraft:birch_leaves":1}},"DataVersion":3465}