{"stats":{"minecraft:killed":{"minecraft:sheep":1},"minecraft:mined":{"minecraft:iron_ore":10,"minecraft:birch_log":2,"minecraft:andesite":11,"minecraft:birch_leaves":1,"minecraft:grass":4,"minecraft:grass_block":2,"minecraft:coal_ore":9,"minecraft:dirt":2,"minecraft:cobblestone":3,"minecraft:stone":24},"minecraft:used":{"minecraft:stone_sword":4,"minecraft:stone_pickaxe":53,"minecraft:wooden_pickaxe":7,"minecraft:wooden_shovel":1,"minecraft:dirt":21,"minecraft:cobblestone":9,"minecraft:crafting_table":2,"minecraft:furnace":1},"minecraft:picked_up":{"minecraft:birch_log":3,"minecraft:crafting_table":1,"minecraft:raw_iron":10,"minecraft:andesite":11,"minecraft:birch_button":1,"minecraft:dirt":22,"minecraft:rotten_flesh":1,"minecraft:wheat_seeds":1,"minecraft:gray_wool":1,"minecraft:mutton":1,"minecraft:coal":9,"minecraft:cobblestone":25},"minecraft:crafted":{"minecraft:wooden_shovel":1,"minecraft:crafting_table":1,"minecraft:stick":8,"minecraft:iron_ingot":9,"minecraft:wooden_pickaxe":1,"minecraft:stone_pickaxe":1,"minecraft:stone_sword":1,"minecraft:iron_sword":1,"minecraft:furnace":1,"minecraft:bucket":1,"minecraft:birch_planks":12,"minecraft:air":0},"minecraft:custom":{"minecraft:time_since_rest":9962,"minecraft:interact_with_furnace":7,"minecraft:sprint_one_cm":12186,"minecraft:damage_taken":180,"minecraft:walk_one_cm":19368,"minecraft:mob_kills":1,"minecraft:damage_dealt":70,"minecraft:interact_with_crafting_table":8,"minecraft:fly_one_cm":12091,"minecraft:crouch_one_cm":1149,"minecraft:play_time":9962,"minecraft:sneak_time":681,"minecraft:walk_under_water_one_cm":182,"minecraft:jump":134,"minecraft:leave_game":2,"minecraft:time_since_death":9962,"minecraft:walk_on_water_one_cm":267,"minecraft:total_world_time":9962,"minecraft:fall_one_cm":2951}},"DataVersion":3465}