{"stats":{"minecraft:killed":{"minecraft:zombie":2,"minecraft:spider":1,"minecraft:bat":1},"minecraft:mined":{"minecraft:birch_planks":4,"minecraft:furnace":15,"minecraft:birch_log":17,"minecraft:birch_leaves":1,"immersiveengineering:circuit_table":1,"minecraft:torch":3,"minecraft:granite":24,"minecraft:grass":2,"minecraft:grass_block":155,"minecraft:sand":7,"minecraft:dirt":584,"minecraft:cobblestone":2,"minecraft:birch_slab":27,"minecraft:stone":124},"minecraft:custom":{"minecraft:time_since_rest":46767,"minecraft:interact_with_furnace":4,"minecraft:sprint_one_cm":30274,"minecraft:damage_taken":310,"minecraft:walk_one_cm":233139,"minecraft:mob_kills":4,"minecraft:drop":4,"minecraft:damage_dealt":646,"minecraft:swim_one_cm":1786,"minecraft:interact_with_crafting_table":11,"minecraft:fly_one_cm":40025,"minecraft:open_chest":18,"minecraft:crouch_one_cm":962,"minecraft:play_time":50218,"tombstone:undead_killed":2,"minecraft:deaths":1,"minecraft:sneak_time":403,"minecraft:walk_under_water_one_cm":3419,"minecraft:jump":410,"minecraft:leave_game":2,"minecraft:walk_on_water_one_cm":7774,"minecraft:time_since_death":48890,"minecraft:total_world_time":50218,"minecraft:climb_one_cm":14924,"minecraft:fall_one_cm":3950},"minecraft:dropped":{"tombstone:voodoo_poppet":1,"immersiveengineering:shader":2,"minecraft:stick":1},"minecraft:crafted":{"minecraft:ladder":12,"minecraft:stick":28,"minecraft:birch_boat":1,"minecraft:birch_slab":6,"minecraft:bone_meal":21,"minecraft:birch_planks":68,"minecraft:torch":12},"minecraft:picked_up":{"minecraft:birch_log":17,"minecraft:stick":1,"minecraft:cooked_beef":20,"minecraft:birch_slab":27,"minecraft:torch":3,"minecraft:birch_planks":4,"minecraft:sand":7,"immersiveengineering:circuit_table":1,"tombstone:grave_dust":1,"tombstone:voodoo_poppet":1,"minecraft:dirt":738,"minecraft:spider_eye":1,"minecraft:string":2,"minecraft:cooked_mutton":11,"minecraft:rotten_flesh":3,"immersiveengineering:component_steel":2,"immersiveengineering:shader":2,"minecraft:granite":24,"minecraft:gold_ingot":12,"minecraft:birch_sapling":3,"minecraft:coal":38,"minecraft:cobblestone":125,"minecraft:furnace":15},"minecraft:broken":{"minecraft:iron_shovel":1},"minecraft:used":{"immersiveengineering:circuit_table":1,"minecraft:cooked_mutton":1,"minecraft:diamond_pickaxe":165,"minecraft:diamond_shovel":565,"minecraft:iron_shovel":153,"minecraft:birch_slab":33,"minecraft:birch_planks":20,"minecraft:birch_sapling":1,"minecraft:string":2,"minecraft:ladder":8,"minecraft:birch_boat":1,"minecraft:diamond_axe":54,"minecraft:torch":18,"minecraft:diamond_sword":6,"minecraft:dirt":98,"minecraft:furnace":15,"tombstone:gift":2,"minecraft:granite":2}},"DataVersion":3465}