{"stats":{"minecraft:mined":{"minecraft:grass":1},"minecraft:custom":{"minecraft:jump":41,"minecraft:time_since_rest":1,"minecraft:leave_game":1,"minecraft:damage_dealt":26,"minecraft:deaths":1,"minecraft:walk_on_water_one_cm":182,"minecraft:sprint_one_cm":6962,"minecraft:play_time":1633,"minecraft:damage_taken":280,"minecraft:time_since_death":305,"minecraft:walk_one_cm":4336,"minecraft:total_world_time":1633,"minecraft:walk_under_water_one_cm":480,"minecraft:swim_one_cm":1786,"minecraft:fall_one_cm":1734,"minecraft:fly_one_cm":8249}},"DataVersion":3465}