{"stats":{"minecraft:mined":{"minecraft:torch":1,"minecraft:grass":2,"minecraft:grass_block":68,"minecraft:sand":6,"minecraft:dirt":227},"minecraft:killed":{"minecraft:zombie":1,"minecraft:spider":1},"minecraft:custom":{"minecraft:time_since_rest":22767,"minecraft:interact_with_furnace":1,"minecraft:sprint_one_cm":27263,"minecraft:damage_taken":298,"minecraft:walk_one_cm":77201,"minecraft:mob_kills":2,"minecraft:drop":3,"minecraft:damage_dealt":386,"minecraft:swim_one_cm":1786,"minecraft:interact_with_crafting_table":1,"minecraft:fly_one_cm":36250,"minecraft:open_chest":13,"minecraft:crouch_one_cm":882,"minecraft:play_time":26218,"tombstone:undead_killed":1,"minecraft:deaths":1,"minecraft:sneak_time":392,"minecraft:walk_under_water_one_cm":1867,"minecraft:jump":214,"minecraft:leave_game":2,"minecraft:walk_on_water_one_cm":1659,"minecraft:time_since_death":24890,"minecraft:total_world_time":26218,"minecraft:climb_one_cm":8126,"minecraft:fall_one_cm":2365},"minecraft:dropped":{"tombstone:voodoo_poppet":1,"immersiveengineering:shader":2},"minecraft:picked_up":{"minecraft:torch":1,"minecraft:sand":6,"tombstone:voodoo_poppet":1,"minecraft:dirt":288,"minecraft:spider_eye":1,"minecraft:string":2,"minecraft:rotten_flesh":1,"immersiveengineering:component_steel":2,"immersiveengineering:shader":2},"minecraft:broken":{"minecraft:iron_shovel":1},"minecraft:used":{"minecraft:diamond_shovel":130,"minecraft:iron_shovel":153,"minecraft:torch":1,"minecraft:diamond_sword":6,"minecraft:dirt":18,"tombstone:gift":2}},"DataVersion":3465}