{"stats":{"minecraft:killed":{"minecraft:spider":2,"minecraft:bat":1,"minecraft:skeleton":1,"minecraft:zombie":3,"minecraft:chicken":1},"minecraft:custom":{"minecraft:interact_with_furnace":6,"minecraft:mob_kills":8,"minecraft:interact_with_crafting_table":12,"minecraft:leave_game":2,"minecraft:time_since_death":60890,"minecraft:climb_one_cm":16760,"minecraft:time_since_rest":58767,"minecraft:sprint_one_cm":40085,"minecraft:damage_taken":325,"minecraft:walk_one_cm":286875,"minecraft:drop":4,"minecraft:damage_dealt":1274,"minecraft:swim_one_cm":1786,"minecraft:fly_one_cm":51956,"minecraft:open_chest":19,"minecraft:crouch_one_cm":1225,"minecraft:play_time":62218,"tombstone:undead_killed":4,"minecraft:deaths":1,"minecraft:sneak_time":457,"minecraft:walk_under_water_one_cm":3419,"minecraft:jump":523,"minecraft:walk_on_water_one_cm":7774,"minecraft:total_world_time":62218,"minecraft:fall_one_cm":5615},"minecraft:mined":{"minecraft:diamond_ore":1,"minecraft:deepslate_diamond_ore":9,"minecraft:clay":13,"minecraft:torch":3,"minecraft:granite":38,"minecraft:grass_block":155,"minecraft:cobblestone":2,"minecraft:birch_slab":27,"minecraft:deepslate_gold_ore":2,"minecraft:diorite":13,"minecraft:birch_sapling":4,"minecraft:birch_planks":4,"minecraft:furnace":15,"minecraft:iron_ore":5,"minecraft:birch_log":28,"minecraft:andesite":4,"minecraft:birch_leaves":3,"immersiveengineering:circuit_table":1,"minecraft:grass":3,"minecraft:sand":7,"minecraft:dirt":584,"minecraft:stone":178,"minecraft:deepslate":114,"minecraft:tripwire":2},"minecraft:dropped":{"immersiveengineering:shader":2,"minecraft:stick":1,"tombstone:voodoo_poppet":1},"minecraft:crafted":{"minecraft:birch_boat":1,"minecraft:birch_slab":6,"minecraft:bone_meal":21,"minecraft:birch_planks":68,"minecraft:ladder":12,"minecraft:stick":28,"minecraft:torch":12},"minecraft:picked_up":{"minecraft:birch_log":28,"minecraft:feather":1,"minecraft:cooked_beef":20,"minecraft:chicken":1,"minecraft:clay_ball":44,"minecraft:birch_slab":27,"minecraft:andesite":4,"minecraft:filled_map":1,"minecraft:birch_planks":4,"tombstone:voodoo_poppet":1,"minecraft:string":4,"minecraft:dirt":762,"minecraft:cooked_mutton":11,"minecraft:bone":2,"minecraft:birch_sapling":10,"minecraft:furnace":15,"minecraft:raw_iron":5,"minecraft:stick":7,"minecraft:torch":3,"minecraft:sand":7,"tombstone:grave_dust":1,"immersiveengineering:circuit_table":1,"minecraft:spider_eye":1,"minecraft:arrow":2,"minecraft:rotten_flesh":5,"minecraft:diamond":10,"immersiveengineering:component_steel":2,"immersiveengineering:shader":2,"minecraft:granite":38,"minecraft:gold_ingot":12,"minecraft:coal":38,"minecraft:cobblestone":175},"minecraft:broken":{"minecraft:iron_shovel":1},"minecraft:used":{"minecraft:cooked_mutton":2,"minecraft:iron_shovel":153,"minecraft:birch_planks":20,"minecraft:ladder":8,"minecraft:birch_boat":1,"minecraft:diamond_axe":76,"minecraft:torch":18,"minecraft:dirt":98,"minecraft:granite":5,"immersiveengineering:circuit_table":1,"minecraft:diamond_pickaxe":381,"minecraft:diamond_shovel":578,"minecraft:birch_slab":33,"minecraft:string":2,"minecraft:birch_sapling":5,"minecraft:diamond_sword":7,"minecraft:furnace":15,"tombstone:gift":2,"minecraft:bone_meal":3}},"DataVersion":3465}