{"stats":{"minecraft:killed":{"minecraft:zombie":2,"minecraft:spider":1},"minecraft:mined":{"minecraft:birch_planks":4,"minecraft:furnace":5,"immersiveengineering:circuit_table":1,"minecraft:torch":1,"minecraft:grass":2,"minecraft:grass_block":155,"minecraft:sand":6,"minecraft:dirt":569,"minecraft:birch_slab":23,"minecraft:stone":64},"minecraft:custom":{"minecraft:time_since_rest":34767,"minecraft:interact_with_furnace":1,"minecraft:sprint_one_cm":28980,"minecraft:damage_taken":310,"minecraft:walk_one_cm":172581,"minecraft:mob_kills":3,"minecraft:drop":4,"minecraft:damage_dealt":586,"minecraft:swim_one_cm":1786,"minecraft:interact_with_crafting_table":6,"minecraft:fly_one_cm":37397,"minecraft:open_chest":16,"minecraft:crouch_one_cm":882,"minecraft:play_time":38218,"tombstone:undead_killed":2,"minecraft:deaths":1,"minecraft:sneak_time":392,"minecraft:walk_under_water_one_cm":1867,"minecraft:jump":299,"minecraft:leave_game":2,"minecraft:walk_on_water_one_cm":1659,"minecraft:time_since_death":36890,"minecraft:total_world_time":38218,"minecraft:climb_one_cm":13565,"minecraft:fall_one_cm":3263},"minecraft:dropped":{"tombstone:voodoo_poppet":1,"immersiveengineering:shader":2,"minecraft:stick":1},"minecraft:crafted":{"minecraft:ladder":12,"minecraft:stick":28,"minecraft:birch_slab":6,"minecraft:torch":12},"minecraft:picked_up":{"minecraft:stick":1,"minecraft:cooked_beef":20,"minecraft:birch_slab":23,"minecraft:torch":1,"minecraft:birch_planks":4,"minecraft:sand":6,"immersiveengineering:circuit_table":1,"tombstone:grave_dust":1,"tombstone:voodoo_poppet":1,"minecraft:dirt":724,"minecraft:spider_eye":1,"minecraft:string":2,"minecraft:cooked_mutton":11,"minecraft:rotten_flesh":3,"immersiveengineering:component_steel":2,"immersiveengineering:shader":2,"minecraft:gold_ingot":12,"minecraft:coal":38,"minecraft:cobblestone":62,"minecraft:furnace":5},"minecraft:broken":{"minecraft:iron_shovel":1},"minecraft:used":{"immersiveengineering:circuit_table":1,"minecraft:diamond_pickaxe":69,"minecraft:diamond_shovel":559,"minecraft:iron_shovel":153,"minecraft:birch_slab":27,"minecraft:birch_planks":18,"minecraft:string":2,"minecraft:ladder":8,"minecraft:diamond_axe":31,"minecraft:torch":10,"minecraft:diamond_sword":6,"minecraft:dirt":27,"minecraft:furnace":4,"tombstone:gift":2}},"DataVersion":3465}