{"stats":{"minecraft:killed":{"minecraft:spider":2,"minecraft:bat":1,"minecraft:skeleton":1,"minecraft:zombie":3,"minecraft:chicken":1},"minecraft:custom":{"minecraft:interact_with_furnace":12,"minecraft:mob_kills":8,"minecraft:interact_with_crafting_table":16,"minecraft:leave_game":3,"minecraft:time_since_death":71661,"minecraft:sleep_in_bed":1,"minecraft:climb_one_cm":21280,"minecraft:time_since_rest":5093,"minecraft:sprint_one_cm":49686,"minecraft:damage_taken":325,"minecraft:walk_one_cm":316170,"minecraft:drop":9,"minecraft:damage_dealt":1274,"minecraft:swim_one_cm":1786,"minecraft:fly_one_cm":57300,"minecraft:open_chest":23,"minecraft:crouch_one_cm":1225,"minecraft:play_time":72989,"tombstone:undead_killed":4,"minecraft:deaths":1,"minecraft:sneak_time":457,"minecraft:walk_under_water_one_cm":3419,"minecraft:jump":711,"minecraft:walk_on_water_one_cm":7774,"minecraft:total_world_time":72989,"minecraft:fall_one_cm":6711},"minecraft:mined":{"minecraft:deepslate_redstone_ore":8,"minecraft:diamond_ore":1,"minecraft:deepslate_diamond_ore":11,"minecraft:stripped_birch_log":4,"minecraft:clay":13,"minecraft:torch":3,"minecraft:granite":38,"minecraft:grass_block":155,"minecraft:cobblestone":2,"minecraft:birch_slab":27,"minecraft:deepslate_gold_ore":8,"minecraft:diorite":13,"minecraft:birch_sapling":8,"minecraft:birch_planks":4,"minecraft:furnace":15,"minecraft:birch_log":28,"minecraft:iron_ore":5,"minecraft:andesite":4,"minecraft:birch_leaves":7,"immersiveengineering:circuit_table":1,"minecraft:grass":3,"minecraft:coal_ore":20,"minecraft:sand":7,"minecraft:dirt":584,"minecraft:stone":178,"minecraft:deepslate":170,"minecraft:tripwire":2},"minecraft:dropped":{"minecraft:cobbled_deepslate":7,"minecraft:clay_ball":4,"immersiveengineering:shader":2,"minecraft:stick":4,"minecraft:arrow":2,"tombstone:voodoo_poppet":1},"minecraft:crafted":{"minecraft:baked_potato":5,"minecraft:birch_boat":1,"minecraft:birch_slab":6,"minecraft:bone_meal":27,"minecraft:birch_planks":68,"minecraft:air":0,"minecraft:ladder":12,"minecraft:stick":28,"minecraft:compass":1,"minecraft:iron_ingot":4,"minecraft:torch":12},"minecraft:picked_up":{"minecraft:birch_log":28,"minecraft:feather":1,"minecraft:cooked_beef":20,"minecraft:chicken":1,"minecraft:clay_ball":48,"minecraft:birch_slab":27,"minecraft:andesite":4,"minecraft:birch_planks":4,"minecraft:filled_map":1,"minecraft:stripped_birch_log":4,"tombstone:voodoo_poppet":1,"minecraft:dirt":762,"minecraft:string":4,"minecraft:cooked_mutton":11,"minecraft:bone":2,"minecraft:cobbled_deepslate":7,"minecraft:raw_gold":8,"minecraft:birch_sapling":14,"minecraft:furnace":15,"minecraft:raw_iron":5,"minecraft:stick":7,"minecraft:torch":3,"minecraft:sand":7,"tombstone:grave_dust":1,"immersiveengineering:circuit_table":1,"minecraft:redstone":35,"minecraft:spider_eye":1,"minecraft:arrow":4,"minecraft:rotten_flesh":5,"minecraft:diamond":12,"immersiveengineering:component_steel":2,"immersiveengineering:shader":2,"minecraft:granite":38,"minecraft:gold_ingot":12,"minecraft:coal":58,"minecraft:cobblestone":175},"minecraft:broken":{"minecraft:iron_shovel":1},"minecraft:used":{"minecraft:cooked_mutton":2,"minecraft:iron_shovel":153,"minecraft:birch_planks":20,"minecraft:ladder":8,"minecraft:birch_boat":1,"minecraft:diamond_axe":84,"minecraft:torch":18,"minecraft:dirt":98,"minecraft:granite":5,"immersiveengineering:circuit_table":1,"minecraft:diamond_pickaxe":473,"minecraft:diamond_shovel":578,"minecraft:birch_slab":33,"minecraft:string":2,"minecraft:birch_sapling":9,"minecraft:diamond_sword":7,"minecraft:furnace":15,"tombstone:gift":2,"minecraft:bone_meal":3}},"DataVersion":3465}