{"stats":{"minecraft:killed":{"minecraft:pig":4,"minecraft:zombie_villager":1,"minecraft:spider":2,"minecraft:bat":1,"minecraft:skeleton":1,"minecraft:zombie":5,"minecraft:chicken":1},"minecraft:custom":{"minecraft:interact_with_furnace":15,"minecraft:mob_kills":15,"minecraft:interact_with_crafting_table":26,"minecraft:leave_game":4,"minecraft:time_since_death":2437,"minecraft:sleep_in_bed":1,"minecraft:climb_one_cm":25968,"minecraft:time_since_rest":2178,"minecraft:sprint_one_cm":134789,"minecraft:damage_taken":717,"minecraft:walk_one_cm":417617,"minecraft:damage_blocked_by_shield":75,"minecraft:drop":9,"minecraft:damage_dealt":2365,"minecraft:swim_one_cm":12223,"minecraft:fly_one_cm":136976,"minecraft:open_chest":27,"minecraft:crouch_one_cm":2177,"minecraft:play_time":101913,"tombstone:undead_killed":7,"minecraft:deaths":2,"minecraft:sneak_time":1057,"minecraft:walk_under_water_one_cm":9640,"minecraft:boat_one_cm":9720,"minecraft:jump":1315,"minecraft:walk_on_water_one_cm":17450,"minecraft:total_world_time":101913,"minecraft:fall_one_cm":17963},"minecraft:mined":{"minecraft:deepslate_redstone_ore":8,"minecraft:diamond_ore":1,"minecraft:dark_oak_leaves":2,"minecraft:deepslate_diamond_ore":11,"minecraft:stripped_dark_oak_log":1,"minecraft:dark_oak_log":104,"minecraft:stripped_birch_log":4,"minecraft:obsidian":24,"minecraft:clay":13,"minecraft:torch":3,"minecraft:granite":41,"minecraft:grass_block":162,"minecraft:cobblestone":5,"minecraft:birch_slab":27,"minecraft:deepslate_gold_ore":8,"minecraft:sugar_cane":5,"minecraft:diorite":13,"minecraft:wall_torch":1,"minecraft:birch_sapling":8,"minecraft:birch_planks":4,"minecraft:furnace":15,"minecraft:birch_log":40,"minecraft:iron_ore":9,"minecraft:fire":4,"minecraft:andesite":4,"minecraft:birch_leaves":8,"immersiveengineering:circuit_table":1,"minecraft:grass":3,"minecraft:coal_ore":26,"minecraft:sand":7,"minecraft:dirt":613,"minecraft:stone":260,"minecraft:oak_leaves":10,"minecraft:deepslate":170,"minecraft:tripwire":2,"minecraft:fern":1},"minecraft:dropped":{"minecraft:cobbled_deepslate":7,"minecraft:clay_ball":4,"immersiveengineering:shader":2,"minecraft:stick":4,"minecraft:arrow":2,"tombstone:voodoo_poppet":1},"minecraft:crafted":{"minecraft:crafting_table":2,"minecraft:birch_boat":3,"minecraft:baked_potato":5,"minecraft:birch_slab":6,"minecraft:furnace":1,"minecraft:bucket":1,"minecraft:bone_meal":27,"minecraft:birch_planks":128,"minecraft:air":0,"naturescompass:naturescompass":1,"minecraft:ladder":12,"minecraft:stick":28,"minecraft:iron_ingot":7,"minecraft:compass":1,"minecraft:torch":12},"minecraft:picked_up":{"minecraft:birch_log":43,"minecraft:feather":1,"minecraft:cooked_beef":20,"minecraft:chicken":1,"minecraft:clay_ball":48,"minecraft:birch_slab":27,"minecraft:andesite":4,"minecraft:filled_map":2,"minecraft:birch_planks":4,"tombstone:voodoo_poppet":1,"minecraft:stripped_birch_log":4,"minecraft:dirt":815,"minecraft:string":4,"minecraft:cooked_mutton":11,"minecraft:bone":2,"minecraft:apple":2,"minecraft:cobbled_deepslate":7,"minecraft:raw_gold":8,"minecraft:sugar_cane":12,"minecraft:birch_sapling":15,"minecraft:furnace":15,"minecraft:dark_oak_sapling":5,"minecraft:stick":13,"minecraft:raw_iron":9,"minecraft:torch":4,"minecraft:porkchop":7,"minecraft:sand":7,"tombstone:grave_dust":1,"immersiveengineering:circuit_table":1,"minecraft:redstone":35,"minecraft:dark_oak_log":104,"minecraft:spider_eye":1,"minecraft:bundle":1,"minecraft:arrow":4,"minecraft:rotten_flesh":8,"minecraft:diamond":12,"immersiveengineering:component_steel":2,"immersiveengineering:shader":2,"minecraft:granite":41,"minecraft:gold_ingot":12,"minecraft:obsidian":23,"minecraft:stripped_dark_oak_log":1,"minecraft:coal":64,"minecraft:cobblestone":304},"minecraft:broken":{"minecraft:iron_shovel":1},"minecraft:used":{"minecraft:cooked_mutton":5,"minecraft:water_bucket":12,"minecraft:iron_shovel":153,"minecraft:birch_planks":20,"minecraft:ladder":8,"minecraft:birch_boat":3,"minecraft:shield":3,"minecraft:diamond_axe":221,"minecraft:torch":19,"minecraft:dirt":108,"minecraft:crafting_table":2,"minecraft:granite":8,"minecraft:obsidian":18,"immersiveengineering:circuit_table":1,"minecraft:diamond_pickaxe":595,"minecraft:diamond_shovel":611,"minecraft:birch_slab":33,"minecraft:string":2,"minecraft:birch_sapling":9,"tombstone:grave_key":1,"minecraft:diamond_sword":7,"minecraft:furnace":16,"minecraft:bucket":13,"tombstone:gift":2,"minecraft:bone_meal":3}},"DataVersion":3465}