{"stats":{"minecraft:used":{"minecraft:torch":1,"minecraft:dirt":18,"minecraft:iron_shovel":109,"tombstone:gift":2},"minecraft:mined":{"minecraft:grass":2,"minecraft:grass_block":58,"minecraft:dirt":68,"minecraft:torch":1},"minecraft:picked_up":{"immersiveengineering:component_steel":2,"minecraft:torch":1,"immersiveengineering:shader":2,"tombstone:voodoo_poppet":1,"minecraft:dirt":126},"minecraft:custom":{"minecraft:open_chest":7,"minecraft:time_since_rest":9821,"minecraft:crouch_one_cm":825,"minecraft:deaths":1,"minecraft:sprint_one_cm":23064,"minecraft:play_time":13272,"minecraft:damage_taken":280,"minecraft:walk_one_cm":41268,"minecraft:sneak_time":387,"minecraft:walk_under_water_one_cm":1418,"minecraft:drop":3,"minecraft:jump":171,"minecraft:damage_dealt":26,"minecraft:leave_game":1,"minecraft:walk_on_water_one_cm":853,"minecraft:time_since_death":11944,"minecraft:total_world_time":13272,"minecraft:climb_one_cm":3003,"minecraft:swim_one_cm":1786,"minecraft:fall_one_cm":2365,"minecraft:fly_one_cm":33068},"minecraft:dropped":{"tombstone:voodoo_poppet":1,"immersiveengineering:shader":2}},"DataVersion":3465}